"P1","P2","P3","P4","P5","Team","Mins","PTS","oPTS","POSS","oPOSS","ePOSS","ORTG","DRTG","NETRTG","FG.","oFG.","TPP","oTPP","FTP","oFTP","eFG.","oeFG.","TS.","oTS.","RIM.","oRIM.","MID.","oMID.","TPrate","oTPrate","RIMrate","oRIMrate","MIDrate","oMIDrate","FTrate","oFTrate","ASTrate","oASTrate","TOrate","oTOrate","BLKrate","oBLKrate","ORB.","DRB.","PACE","ShotsPerPoss","oShotsPerPoss","FGA","oFGA","FGM","oFGM","TPA","oTPA","TPM","oTPM","FTA","oFTA","FTM","oFTM","RIMA","oRIMA","RIMM","oRIMM","ORB","oORB","DRB","oDRB","BLK","oBLK","TO","oTO","AST","oAST","Opponent"
"ANDREW.PLATEK","ARMANDO.BACOT","CALEB.LOVE","DAYRON.SHARPE","KERWIN.WALTON","North Carolina",1.067,3,0,4,2,3,100,0,100,0,0,0,0,1,0,0,0,0.438,0,0,0,0,0,0.5,0,0,0,0.5,0,1.5,0,0,0,0,0.5,0,0,0,0,10.667,1,0,2,0,0,0,1,0,0,0,3,0,3,0,0,0,0,0,0,0,0,2,0,0,0,2,0,0,"Col. of Charleston"
"ANDREW.PLATEK","ARMANDO.BACOT","CALEB.LOVE","DAYRON.SHARPE","LEAKY.BLACK","North Carolina",0,2,0,1,0,0.5,400,0,400,0,0,0,0,1,0,0,0,1.053,0,0,0,0,0,0,0,0,0,0,0,0,0,0,0,0,0,0,0,0,0,0,1,0,0,0,0,0,0,0,0,0,2,0,2,0,0,0,0,0,0,0,0,0,0,0,0,0,0,0,"Col. of Charleston"
"ANDREW.PLATEK","ARMANDO.BACOT","CALEB.LOVE","GARRISON.BROOKS","LEAKY.BLACK","North Carolina",0,2,0,1,1,1,200,0,200,0,0,0,0,1,0,0,0,1.053,0,0,0,0,0,0,0,0,0,0,0,0,0,0,0,0,1,0,0,0,0,0,1,0,0,0,0,0,0,0,0,0,2,0,2,0,0,0,0,0,0,0,0,0,0,0,0,1,0,0,"Col. of Charleston"
"ANDREW.PLATEK","ARMANDO.BACOT","CALEB.LOVE","GARRISON.BROOKS","PUFF.JOHNSON","North Carolina",0,0,0,0,0,0,0,0,0,0,0,0,0,0,0,0,0,0,0,0,0,0,0,0,0,0,0,0,0,0,0,0,0,0,0,0,0,0,0,0,0,0,0,0,0,0,0,0,0,0,0,0,0,0,0,0,0,0,0,0,0,0,0,0,0,0,0,0,"Col. of Charleston"
"ANDREW.PLATEK","ARMANDO.BACOT","CALEB.LOVE","KERWIN.WALTON","WALKER.KESSLER","North Carolina",0,0,0,0,0,0,0,0,0,0,0,0,0,0,0,0,0,0,0,0,0,0,0,0,0,0,0,0,0,0,0,0,0,0,0,0,0,0,0,0,0,0,0,0,0,0,0,0,0,0,0,0,0,0,0,0,0,0,0,0,0,0,0,0,0,0,0,0,"Col. of Charleston"
"ANDREW.PLATEK","ARMANDO.BACOT","CALEB.LOVE","LEAKY.BLACK","WALKER.KESSLER","North Carolina",0.667,2,0,1,1,1,200,0,200,0.5,0,0,0,0,0,0.5,0,0.5,0,1,0,0,0,0.5,0,0.5,1,0,0,0,0,0,0,0,0,1,0,1,1,20,2,1,2,1,1,0,1,0,0,0,0,0,0,0,1,1,1,0,1,0,1,0,1,0,0,0,0,0,"Col. of Charleston"
"ANDREW.PLATEK","ARMANDO.BACOT","DAYRON.SHARPE","KERWIN.WALTON","RJ.DAVIS","North Carolina",2.633,4,3,5,4,4.5,88.889,66.667,22.222,0.333,0.5,0,0.5,0,0,0.333,0.75,0.333,0.75,1,0,0,0,0.167,1,0.333,0,0.5,0,0,0,0.5,0,0,0.4,0,0,0.333,1,17.556,1.2,0.5,6,2,2,1,1,2,0,1,0,0,0,0,2,0,2,0,1,0,1,2,0,0,0,2,1,0,"Col. of Charleston"
"ANDREW.PLATEK","ARMANDO.BACOT","GARRISON.BROOKS","LEAKY.BLACK","RJ.DAVIS","North Carolina",1.717,0,4,2,3,2.5,0,160,-160,0,0.667,0,0,0,0,0,0.667,0,0.576,0,1,0,0,0,0.333,0,0.667,0,0,0,0.333,0,0.5,1,0,0,0,0,0.5,20.6,0,1.333,0,3,0,2,0,1,0,0,0,1,0,0,0,2,0,2,0,1,1,0,0,0,2,0,0,1,"Col. of Charleston"
"ANDREW.PLATEK","ARMANDO.BACOT","KERWIN.WALTON","RJ.DAVIS","WALKER.KESSLER","North Carolina",2.783,7,3,4,5,4.5,155.556,66.667,88.889,0.75,0.2,0,0.333,0.5,0,0.75,0.3,0.707,0.3,1,0,0.5,0,0,0.6,0.5,0.2,0.5,0.2,0.5,0,0.667,1,0.25,0.25,0.2,0,1,0.75,18.556,1.25,1,4,5,3,1,0,3,0,1,2,0,1,0,2,1,2,0,2,1,3,0,1,0,1,1,2,1,"Col. of Charleston"
"ANDREW.PLATEK","CALEB.LOVE","DAYRON.SHARPE","GARRISON.BROOKS","KERWIN.WALTON","North Carolina",0,0,0,0,0,0,0,0,0,0,0,0,0,0,0,0,0,0,0,0,0,0,0,0,0,0,0,0,0,0,0,0,0,0,0,0,0,0,0,0,0,0,0,0,0,0,0,0,0,0,0,0,0,0,0,0,0,0,0,0,0,0,0,0,0,0,0,0,"Col. of Charleston"
"ANDREW.PLATEK","CALEB.LOVE","DAYRON.SHARPE","GARRISON.BROOKS","LEAKY.BLACK","North Carolina",7.75,19,9,15,16,15.5,122.581,58.065,64.516,0.438,0.286,0.333,0.25,1,0,0.5,0.321,0.545,0.301,0.667,0.75,0.429,0,0.375,0.286,0.188,0.286,0.438,0.429,0.188,0.143,0.714,0.75,0.067,0.2,0.214,0.062,0.444,0.818,15,1.2,0.938,16,14,7,4,6,4,2,1,3,2,3,0,3,4,2,3,4,2,9,5,3,1,1,3,5,3,"Col. of Charleston"
"ANDREW.PLATEK","CALEB.LOVE","DAYRON.SHARPE","GARRISON.BROOKS","PUFF.JOHNSON","North Carolina",1.1,5,2,2,1,1.5,333.333,133.333,200,1,0.5,1,0,0,0,1.25,0.5,1.25,0.5,1,0,0,0.5,0.5,0,0.5,0,0,1,0,0,0.5,0,0,0,0.5,0,0,0,22,1,2,2,2,2,1,1,0,1,0,0,0,0,0,1,0,1,0,0,1,0,0,1,0,0,0,1,0,"Col. of Charleston"
"ANDREW.PLATEK","DAYRON.SHARPE","GARRISON.BROOKS","LEAKY.BLACK","RJ.DAVIS","North Carolina",3.267,7,3,6,4,5,140,60,80,0.273,0.5,0,1,1,0,0.273,0.75,0.305,0.75,0.5,0,0,0,0.091,0.5,0.545,0,0.364,0.5,0.091,0,0,1,0,0.333,0,0.091,0.857,1,19.6,2,0.5,11,2,3,1,1,1,0,1,1,0,1,0,6,0,3,0,6,0,1,1,0,1,0,2,0,1,"Col. of Charleston"
"ARMANDO.BACOT","CALEB.LOVE","DAYRON.SHARPE","KERWIN.WALTON","RJ.DAVIS","North Carolina",0,0,0,0,0,0,0,0,0,0,0,0,0,0,0,0,0,0,0,0,0,0,0,0,0,0,0,0,0,0,0,0,0,0,0,0,0,0,0,0,0,0,0,0,0,0,0,0,0,0,0,0,0,0,0,0,0,0,0,0,0,0,0,0,0,0,0,0,"Col. of Charleston"
"ARMANDO.BACOT","CALEB.LOVE","DAYRON.SHARPE","LEAKY.BLACK","RJ.DAVIS","North Carolina",1.1,3,3,3,3,3,100,100,0,0.333,0.333,0,0.5,1,0,0.333,0.5,0.432,0.5,1,0,0,0,0.667,0.667,0.333,0,0,0.333,0.333,0,0,1,0,0,0,0,0.5,1,11,1.333,1,3,3,1,1,2,2,0,1,1,0,1,0,1,0,1,0,1,0,1,1,0,0,0,0,0,1,"Col. of Charleston"
"ARMANDO.BACOT","CALEB.LOVE","GARRISON.BROOKS","KERWIN.WALTON","PUFF.JOHNSON","North Carolina",0.85,0,2,1,2,1.5,0,133.333,-133.333,0,0.5,0,0,0,0,0,0.5,0,0.5,0,1,0,0,0,0.5,0,0.5,1,0,0,0,0,0,0,0,0,0,0,1,17,1,1,1,2,0,1,0,1,0,0,0,0,0,0,0,1,0,1,0,0,1,1,0,0,0,0,0,0,"Col. of Charleston"
"ARMANDO.BACOT","CALEB.LOVE","GARRISON.BROOKS","KERWIN.WALTON","RJ.DAVIS","North Carolina",0.767,4,0,2,1,1.5,266.667,0,266.667,1,0,0,0,1,0,1,0,1.026,0,1,0,0,0,0,0,1,0,0,0,2,0,1,0,0,0.5,0,0,0,0,15.333,1,0,1,0,1,0,0,0,0,0,2,0,2,0,1,0,1,0,0,0,0,0,0,0,0,1,1,0,"Col. of Charleston"
"ARMANDO.BACOT","CALEB.LOVE","GARRISON.BROOKS","LEAKY.BLACK","RJ.DAVIS","North Carolina",9.2,9,17,17,17,17,52.941,100,-47.059,0.267,0.412,0,0.2,0.333,0.667,0.267,0.441,0.274,0.461,0.429,0.667,0.167,0.333,0.133,0.294,0.467,0.353,0.4,0.353,0.2,0.176,0,0.286,0.118,0.059,0.176,0.067,0.154,0.727,16.235,1,1.118,15,17,4,7,2,5,0,1,3,3,1,2,7,6,3,4,2,3,8,11,3,1,2,1,0,2,"Col. of Charleston"
"ARMANDO.BACOT","DAYRON.SHARPE","GARRISON.BROOKS","LEAKY.BLACK","RJ.DAVIS","North Carolina",0,0,0,0,0,0,0,0,0,0,0,0,0,0,0,0,0,0,0,0,0,0,0,0,0,0,0,0,0,0,0,0,0,0,0,0,0,0,0,0,0,0,0,0,0,0,0,0,0,0,0,0,0,0,0,0,0,0,0,0,0,0,0,0,0,0,0,0,"Col. of Charleston"
"ARMANDO.BACOT","DAYRON.SHARPE","KERWIN.WALTON","LEAKY.BLACK","RJ.DAVIS","North Carolina",1.65,3,7,3,3,3,100,233.333,-133.333,0.5,1,0.5,1,0,0,0.75,1.167,0.75,1.167,0,1,0,0,1,0.333,0,0.667,0,0,0,0,1,1,0.333,0,0,0,0,0,16.5,0.667,1,2,3,1,3,2,1,1,1,0,0,0,0,0,2,0,2,0,0,0,1,0,0,1,0,1,3,"Col. of Charleston"
"CALEB.LOVE","DAYRON.SHARPE","GARRISON.BROOKS","LEAKY.BLACK","RJ.DAVIS","North Carolina",3.383,5,6,7,7,7,71.429,85.714,-14.286,0.5,0.5,0,0.5,0.6,0.5,0.5,0.625,0.571,0.606,1,0,0,0.5,0,0.5,0.5,0,0.5,0.5,2.5,0.5,0,0.5,0.286,0.286,0,0,0,1,14.5,0.714,0.714,2,4,1,2,0,2,0,1,5,2,3,1,1,0,1,0,0,0,2,1,0,0,2,2,0,1,"Col. of Charleston"
"CALEB.LOVE","DAYRON.SHARPE","KERWIN.WALTON","RJ.DAVIS","WALKER.KESSLER","North Carolina",0,0,0,0,0,0,0,0,0,0,0,0,0,0,0,0,0,0,0,0,0,0,0,0,0,0,0,0,0,0,0,0,0,0,0,0,0,0,0,0,0,0,0,0,0,0,0,0,0,0,0,0,0,0,0,0,0,0,0,0,0,0,0,0,0,0,0,0,"Col. of Charleston"
"CALEB.LOVE","KERWIN.WALTON","KJ.SMITH","RJ.DAVIS","WALKER.KESSLER","North Carolina",0,0,0,0,0,0,0,0,0,0,0,0,0,0,0,0,0,0,0,0,0,0,0,0,0,0,0,0,0,0,0,0,0,0,0,0,0,0,0,0,0,0,0,0,0,0,0,0,0,0,0,0,0,0,0,0,0,0,0,0,0,0,0,0,0,0,0,0,"Col. of Charleston"
"CREIGHTON.LEBO","DUWE.FARRIS","KJ.SMITH","RYAN.MCADOO","WALKER.MILLER","North Carolina",1.133,2,1,3,2,2.5,80,40,40,0.333,0,0,0,0,0.5,0.333,0,0.333,0.256,1,0,0,0,0.333,1,0.333,0,0.333,0,0,2,0,0,0,0,0,0,0,1,13.6,1,1,3,1,1,0,1,1,0,0,0,2,0,1,1,0,1,0,0,0,2,1,0,0,0,0,0,0,"Col. of Charleston"
"DUWE.FARRIS","KERWIN.WALTON","KJ.SMITH","PUFF.JOHNSON","WALKER.MILLER","North Carolina",0.7,0,0,0,0,0,0,0,0,0,0,0,0,0,0,0,0,0,0,0,0,0,0,0,0,0,0,0,0,0,0,0,0,0,0,0,0,0,0,0,0,0,0,0,0,0,0,0,0,0,0,0,0,0,0,0,0,0,0,0,0,0,0,0,0,0,0,0,"Col. of Charleston"
"DUWE.FARRIS","KERWIN.WALTON","KJ.SMITH","RYAN.MCADOO","WALKER.MILLER","North Carolina",0,0,0,0,0,0,0,0,0,0,0,0,0,0,0,0,0,0,0,0,0,0,0,0,0,0,0,0,0,0,0,0,0,0,0,0,0,0,0,0,0,0,0,0,0,0,0,0,0,0,0,0,0,0,0,0,0,0,0,0,0,0,0,0,0,0,0,0,"Col. of Charleston"
"KERWIN.WALTON","KJ.SMITH","PUFF.JOHNSON","RJ.DAVIS","WALKER.KESSLER","North Carolina",0,0,0,0,0,0,0,0,0,0,0,0,0,0,0,0,0,0,0,0,0,0,0,0,0,0,0,0,0,0,0,0,0,0,0,0,0,0,0,0,0,0,0,0,0,0,0,0,0,0,0,0,0,0,0,0,0,0,0,0,0,0,0,0,0,0,0,0,"Col. of Charleston"
"KERWIN.WALTON","KJ.SMITH","PUFF.JOHNSON","WALKER.KESSLER","WALKER.MILLER","North Carolina",0.233,2,0,1,1,1,200,0,200,1,0,0,0,0,0,1,0,1,0,0,0,1,0,0,0,0,1,1,0,0,0,1,0,0,0,0,0,0,1,7,1,1,1,1,1,0,0,0,0,0,0,0,0,0,0,1,0,0,0,0,2,0,0,0,0,0,1,0,"Col. of Charleston"
"ANDREW.PLATEK","ARMANDO.BACOT","CALEB.LOVE","DAYRON.SHARPE","LEAKY.BLACK","North Carolina",0,1,0,1,0,0.5,200,0,200,0,0,0,0,1,0,0,0,1.053,0,0,0,0,0,0,0,0,0,0,0,0,0,0,0,0,0,0,0,0,0,0,1,0,0,0,0,0,0,0,0,0,1,0,1,0,0,0,0,0,0,0,0,0,0,0,0,0,0,0,"UNLV"
"ANDREW.PLATEK","ARMANDO.BACOT","CALEB.LOVE","GARRISON.BROOKS","LEAKY.BLACK","North Carolina",2.417,5,2,3,4,3.5,142.857,57.143,85.714,0.5,0.25,0.5,0,0,0,0.625,0.25,0.625,0.25,0.5,0,0,1,0.5,0.75,0.5,0,0,0.25,0,0,0.5,0,0,0.333,0.25,0,0.5,0.667,20.714,1.333,1,4,4,2,1,2,3,1,0,0,0,0,0,2,0,1,0,1,1,2,1,1,0,0,1,1,0,"UNLV"
"ANDREW.PLATEK","CALEB.LOVE","DAYRON.SHARPE","GARRISON.BROOKS","LEAKY.BLACK","North Carolina",0.667,2,0,1,2,1.5,133.333,0,133.333,0.5,0,0,0,0,0,0.5,0,0.5,0,0,0,1,0,0,0,0.5,0,0.5,0,0,0,0,0,0,2,0,0,1,0,13.333,2,0,2,0,1,0,0,0,0,0,0,0,0,0,1,0,0,0,1,0,0,0,0,0,0,2,0,0,"UNLV"
"ANDREW.PLATEK","CALEB.LOVE","DAYRON.SHARPE","GARRISON.BROOKS","RJ.DAVIS","North Carolina",3.483,5,7,7,6,6.5,76.923,107.692,-30.769,0.667,0.429,0,0.25,1,0,0.667,0.5,0.719,0.44,1,0.5,0,1,0.333,0.571,0.667,0.286,0,0.143,0.333,0.286,0.5,0.667,0.429,0,0.143,0,0,0.5,16.077,0.571,1.333,3,7,2,3,1,4,0,1,1,2,1,0,2,2,2,1,0,2,2,1,1,0,3,0,1,2,"UNLV"
"ANDREW.PLATEK","CALEB.LOVE","DAYRON.SHARPE","LEAKY.BLACK","WALKER.KESSLER","North Carolina",3.083,9,5,7,7,7,128.571,71.429,57.143,0.571,0.4,0,0,1,0.333,0.571,0.4,0.602,0.389,1,1,0.5,1,0.286,0.6,0.429,0.2,0.286,0.2,0.143,0.6,0,0.5,0.286,0.143,0.2,0,1,0.667,13.214,1.143,1,7,5,4,2,2,3,0,0,1,3,1,1,3,1,3,1,3,1,2,0,1,0,2,1,0,1,"UNLV"
"ANDREW.PLATEK","CALEB.LOVE","LEAKY.BLACK","RJ.DAVIS","WALKER.KESSLER","North Carolina",0,0,0,0,0,0,0,0,0,0,0,0,0,0,0,0,0,0,0,0,0,0,0,0,0,0,0,0,0,0,0,0,0,0,0,0,0,0,0,0,0,0,0,0,0,0,0,0,0,0,0,0,0,0,0,0,0,0,0,0,0,0,0,0,0,0,0,0,"UNLV"
"ANDREW.PLATEK","DAYRON.SHARPE","KERWIN.WALTON","RJ.DAVIS","WALKER.KESSLER","North Carolina",4.75,6,3,8,7,7.5,80,40,40,0.5,0.2,0.5,0.25,0.25,0,0.625,0.3,0.508,0.3,0,0,0.5,0,0.5,0.8,0,0,0.5,0.2,1,0,0.5,1,0.375,0.25,0,0,0.333,1,19,0.75,0.714,4,5,2,1,2,4,1,1,4,0,1,0,0,0,0,0,1,0,5,2,0,0,3,2,1,1,"UNLV"
"ANDREW.PLATEK","DAYRON.SHARPE","LEAKY.BLACK","RJ.DAVIS","WALKER.KESSLER","North Carolina",0,0,0,0,0,0,0,0,0,0,0,0,0,0,0,0,0,0,0,0,0,0,0,0,0,0,0,0,0,0,0,0,0,0,0,0,0,0,0,0,0,0,0,0,0,0,0,0,0,0,0,0,0,0,0,0,0,0,0,0,0,0,0,0,0,0,0,0,"UNLV"
"ANDREW.PLATEK","GARRISON.BROOKS","KERWIN.WALTON","RJ.DAVIS","WALKER.KESSLER","North Carolina",0,0,0,0,0,0,0,0,0,0,0,0,0,0,0,0,0,0,0,0,0,0,0,0,0,0,0,0,0,0,0,0,0,0,0,0,0,0,0,0,0,0,0,0,0,0,0,0,0,0,0,0,0,0,0,0,0,0,0,0,0,0,0,0,0,0,0,0,"UNLV"
"ANDREW.PLATEK","GARRISON.BROOKS","LEAKY.BLACK","RJ.DAVIS","WALKER.KESSLER","North Carolina",1.1,1,0,3,2,2.5,40,0,40,0,0,0,0,0.333,0,0,0,0.351,0,0,0,0,0,0,1,0,0,0,0,0,0,0,0,0.333,0,0,0,0,1,13.2,0.667,1,0,2,0,0,0,2,0,0,3,0,1,0,0,0,0,0,0,0,3,1,0,0,1,0,0,0,"UNLV"
"ARMANDO.BACOT","CALEB.LOVE","DAYRON.SHARPE","KERWIN.WALTON","RJ.DAVIS","North Carolina",1.017,1,0,1,1,1,100,0,100,0,0,0,0,1,0,0,0,0.339,0,0,0,0,0,1,0.5,0,0.5,0,0,1,0,0,0,0,0,0.5,0,1,0.5,30.5,2,2,1,2,0,0,1,1,0,0,1,0,1,0,0,1,0,0,1,1,1,0,1,0,0,0,0,0,"UNLV"
"ARMANDO.BACOT","CALEB.LOVE","DAYRON.SHARPE","PUFF.JOHNSON","RJ.DAVIS","North Carolina",0.567,3,0,2,1,1.5,200,0,200,1,0,0,0,1,0,1,0,1.017,0,1,0,0,0,0,0,1,0,0,0,1,0,0,0,0,0.5,0,0,0,0,11.333,1,0,1,0,1,0,0,0,0,0,1,0,1,0,1,0,1,0,0,0,0,0,0,0,0,1,0,0,"UNLV"
"ARMANDO.BACOT","CALEB.LOVE","GARRISON.BROOKS","KERWIN.WALTON","LEAKY.BLACK","North Carolina",1.967,5,3,5,4,4.5,111.111,66.667,44.444,0.2,1,0.5,0,0.667,0.5,0.3,1,0.389,0.769,0,1,0,0,0.4,0,0,1,0.6,0,0.6,2,1,0,0,0.4,0,0,0.5,1,13.111,1.4,0.5,5,1,1,1,2,0,1,0,3,2,2,1,0,1,0,1,2,0,1,2,0,0,0,2,1,0,"UNLV"
"ARMANDO.BACOT","CALEB.LOVE","GARRISON.BROOKS","LEAKY.BLACK","RJ.DAVIS","North Carolina",8.7,13,16,16,16,16,81.25,100,-18.75,0.333,0.4,0.25,0.375,1,0.333,0.375,0.5,0.468,0.487,0.5,0.667,0.333,0.25,0.333,0.533,0.167,0.2,0.5,0.267,0.333,0.2,0.75,0.167,0.25,0.062,0,0.083,0.25,0.8,16.312,0.875,1.062,12,15,4,6,4,8,1,3,4,3,4,1,2,3,1,2,2,2,8,6,0,1,4,1,3,1,"UNLV"
"ARMANDO.BACOT","CALEB.LOVE","KERWIN.WALTON","LEAKY.BLACK","WALKER.KESSLER","North Carolina",0.967,3,0,2,2,2,150,0,150,1,0,0,0,1,0,1,0,1.017,0,1,0,0,0,0,1,1,0,0,0,1,0,1,0,0,0.5,0,0,0,1,14.5,1,0.5,1,1,1,0,0,1,0,0,1,0,1,0,1,0,1,0,0,0,1,0,0,0,0,1,1,0,"UNLV"
"ARMANDO.BACOT","CALEB.LOVE","LEAKY.BLACK","RJ.DAVIS","WALKER.KESSLER","North Carolina",1.15,5,0,3,2,2.5,200,0,200,0.5,0,0.5,0,0,0,0.625,0,0.625,0,1,0,0,0,0.5,0,0.25,0,0.25,1,0,0,0.5,0,0,0.333,0,0,0.5,1,13.8,1.333,0.5,4,1,2,0,2,0,1,0,0,0,0,0,1,0,1,0,1,0,1,1,0,0,0,1,1,0,"UNLV"
"ARMANDO.BACOT","CALEB.LOVE","PUFF.JOHNSON","RJ.DAVIS","WALKER.KESSLER","North Carolina",0.283,0,0,0,0,0,0,0,0,0,0,0,0,0,0,0,0,0,0,0,0,0,0,0,0,0,0,0,0,0,0,0,0,0,0,0,0,0,0,0,0,0,0,0,0,0,0,0,0,0,0,0,0,0,0,0,0,0,0,0,0,0,0,0,0,0,0,0,"UNLV"
"ARMANDO.BACOT","DAYRON.SHARPE","KERWIN.WALTON","PUFF.JOHNSON","RJ.DAVIS","North Carolina",0,0,0,0,0,0,0,0,0,0,0,0,0,0,0,0,0,0,0,0,0,0,0,0,0,0,0,0,0,0,0,0,0,0,0,0,0,0,0,0,0,0,0,0,0,0,0,0,0,0,0,0,0,0,0,0,0,0,0,0,0,0,0,0,0,0,0,0,"UNLV"
"ARMANDO.BACOT","GARRISON.BROOKS","KERWIN.WALTON","LEAKY.BLACK","RJ.DAVIS","North Carolina",1.983,4,0,3,4,3.5,114.286,0,114.286,0.333,0,0,0,0.5,0,0.333,0,0.408,0,0.5,0,0,0,0,0.25,0.667,0.5,0.333,0.25,1.333,0,1,0,0,0.333,0,0,0.5,0.75,17,1.667,1,3,4,1,0,0,1,0,0,4,0,2,0,2,2,1,0,2,1,3,2,0,0,0,1,1,0,"UNLV"
"ARMANDO.BACOT","GARRISON.BROOKS","KERWIN.WALTON","PUFF.JOHNSON","RJ.DAVIS","North Carolina",0.667,2,0,2,1,1.5,133.333,0,133.333,0,0,0,0,1,0,0,0,0.513,0,0,0,0,0,1,0,0,0,0,0,2,0,0,0,0.5,0.5,0,0,1,0,13.333,1,0,1,0,0,0,1,0,0,0,2,0,2,0,0,0,0,0,1,0,0,0,0,0,1,1,0,0,"UNLV"
"CALEB.LOVE","DAYRON.SHARPE","GARRISON.BROOKS","LEAKY.BLACK","RJ.DAVIS","North Carolina",2.433,7,3,4,6,5,140,60,80,0.5,0.2,1,0.333,0,0,0.583,0.3,0.504,0.3,0.5,0,0.333,0,0.167,0.6,0.333,0.2,0.5,0.2,0.333,0,0.333,1,0,0.5,0.2,0.167,0.75,0.75,14.6,1.75,0.833,6,5,3,1,1,3,1,1,2,0,0,0,2,1,1,0,3,1,3,1,1,1,0,2,1,1,"UNLV"
"CALEB.LOVE","DAYRON.SHARPE","LEAKY.BLACK","RJ.DAVIS","WALKER.KESSLER","North Carolina",0,0,0,0,0,0,0,0,0,0,0,0,0,0,0,0,0,0,0,0,0,0,0,0,0,0,0,0,0,0,0,0,0,0,0,0,0,0,0,0,0,0,0,0,0,0,0,0,0,0,0,0,0,0,0,0,0,0,0,0,0,0,0,0,0,0,0,0,"UNLV"
"CALEB.LOVE","GARRISON.BROOKS","KERWIN.WALTON","RJ.DAVIS","WALKER.KESSLER","North Carolina",0,0,0,0,0,0,0,0,0,0,0,0,0,0,0,0,0,0,0,0,0,0,0,0,0,0,0,0,0,0,0,0,0,0,0,0,0,0,0,0,0,0,0,0,0,0,0,0,0,0,0,0,0,0,0,0,0,0,0,0,0,0,0,0,0,0,0,0,"UNLV"
"CALEB.LOVE","GARRISON.BROOKS","LEAKY.BLACK","RJ.DAVIS","WALKER.KESSLER","North Carolina",0,0,0,0,0,0,0,0,0,0,0,0,0,0,0,0,0,0,0,0,0,0,0,0,0,0,0,0,0,0,0,0,0,0,0,0,0,0,0,0,0,0,0,0,0,0,0,0,0,0,0,0,0,0,0,0,0,0,0,0,0,0,0,0,0,0,0,0,"UNLV"
"CALEB.LOVE","PUFF.JOHNSON","RJ.DAVIS","WALKER.KESSLER","WALKER.MILLER","North Carolina",0.967,0,2,2,2,2,0,100,-100,0,0.333,0,0,0,0,0,0.333,0,0.333,0,1,0,0,0,0.667,1,0.333,0,0,0,0,0,0,0.5,0,0,0,0,0.5,14.5,0.5,1.5,1,3,0,1,0,2,0,0,0,0,0,0,1,1,0,1,0,1,1,1,0,0,1,0,0,0,"UNLV"
"CREIGHTON.LEBO","DUWE.FARRIS","KJ.SMITH","RYAN.MCADOO","WALKER.MILLER","North Carolina",1.65,2,5,4,4,4,50,125,-75,0,0.5,0,1,1,0.667,0,0.75,0.253,0.73,0,0,0,0,0.333,0.5,0.667,0,0,0.5,0.667,1.5,0,1,0,0,0,0.333,0,1,12.375,1,1,3,2,0,1,1,1,0,1,2,3,2,2,2,0,0,0,0,0,2,2,0,1,0,0,0,1,"UNLV"
"DUWE.FARRIS","KJ.SMITH","RYAN.MCADOO","WALKER.KESSLER","WALKER.MILLER","North Carolina",0,0,0,0,0,0,0,0,0,0,0,0,0,0,0,0,0,0,0,0,0,0,0,0,0,0,0,0,0,0,0,0,0,0,0,0,0,0,0,0,0,0,0,0,0,0,0,0,0,0,0,0,0,0,0,0,0,0,0,0,0,0,0,0,0,0,0,0,"UNLV"
"GARRISON.BROOKS","KERWIN.WALTON","LEAKY.BLACK","RJ.DAVIS","WALKER.KESSLER","North Carolina",0,0,0,0,0,0,0,0,0,0,0,0,0,0,0,0,0,0,0,0,0,0,0,0,0,0,0,0,0,0,0,0,0,0,0,0,0,0,0,0,0,0,0,0,0,0,0,0,0,0,0,0,0,0,0,0,0,0,0,0,0,0,0,0,0,0,0,0,"UNLV"
"KERWIN.WALTON","KJ.SMITH","RYAN.MCADOO","WALKER.KESSLER","WALKER.MILLER","North Carolina",1.467,1,0,2,1,1.5,66.667,0,66.667,0,0,0,0,0.5,0,0,0,0.256,0,0,0,0,0,0,0.75,1,0.25,0,0,2,0,0,0,0.5,0.5,0,0,0.5,0,29.333,1,4,1,4,0,0,0,3,0,0,2,0,1,0,1,1,0,0,1,4,0,1,0,0,1,1,0,0,"UNLV"
"KERWIN.WALTON","PUFF.JOHNSON","RYAN.MCADOO","WALKER.KESSLER","WALKER.MILLER","North Carolina",0,0,0,0,0,0,0,0,0,0,0,0,0,0,0,0,0,0,0,0,0,0,0,0,0,0,0,0,0,0,0,0,0,0,0,0,0,0,0,0,0,0,0,0,0,0,0,0,0,0,0,0,0,0,0,0,0,0,0,0,0,0,0,0,0,0,0,0,"UNLV"
"PUFF.JOHNSON","RJ.DAVIS","RYAN.MCADOO","WALKER.KESSLER","WALKER.MILLER","North Carolina",0.683,3,5,1,2,1.5,200,333.333,-133.333,1,1,1,1,0,1,1.5,1.5,1.5,1.282,0,0,0,0,1,1,0,0,0,0,0,2,0,0,0,0,0,0,0,0,13.667,1,1,1,1,1,1,1,1,1,1,0,2,0,2,0,0,0,0,0,0,0,0,0,0,0,0,0,0,"UNLV"
"ANDREW.PLATEK","ARMANDO.BACOT","CALEB.LOVE","DAYRON.SHARPE","RJ.DAVIS","North Carolina",2.267,7,0,4,4,4,175,0,175,0.75,0,1,0,0,0,0.875,0,0.875,0,0.667,0,0,0,0.25,0.5,0.75,0,0,0.5,0,0,1,0,0.25,0.5,0.5,0.25,1,1,17,1,0.5,4,2,3,0,1,1,1,0,0,0,0,0,3,0,2,0,1,0,2,0,1,1,1,2,3,0,"Stanford"
"ANDREW.PLATEK","ARMANDO.BACOT","CALEB.LOVE","GARRISON.BROOKS","LEAKY.BLACK","North Carolina",1.85,8,1,4,3,3.5,228.571,28.571,200,0.75,0,0.5,0,1,1,0.875,0,0.894,0.202,1,0,0,0,0.5,0.5,0.5,0.5,0,0,0.25,0.5,0.333,0,0,0,0,0,1,1,15.857,1.25,1,4,2,3,0,2,1,1,0,1,1,1,1,2,1,2,0,1,0,2,0,0,0,0,0,1,0,"Stanford"
"ANDREW.PLATEK","ARMANDO.BACOT","CALEB.LOVE","LEAKY.BLACK","PUFF.JOHNSON","North Carolina",2.4,4,2,4,4,4,100,50,50,0.5,0.333,0,0,0,0,0.5,0.333,0.5,0.333,0.333,0.5,1,0,0,0,0.75,0.667,0.25,0.333,0,0,0,1,0,0.25,0,0.25,0,1,18,1,0.75,4,3,2,1,0,0,0,0,0,0,0,0,3,2,1,1,0,0,2,2,0,1,0,1,0,1,"Stanford"
"ANDREW.PLATEK","ARMANDO.BACOT","CALEB.LOVE","LEAKY.BLACK","WALKER.KESSLER","North Carolina",1.033,0,6,3,3,3,0,200,-200,0,1,0,1,0,0.75,0,1.5,0,1.034,0,0,0,0,1,1,0,0,0,0,0,4,0,1,0.667,0,0,1,0,1,10.333,0.333,1,1,1,0,1,1,1,0,1,0,4,0,3,0,0,0,0,0,0,1,1,0,1,2,0,0,1,"Stanford"
"ANDREW.PLATEK","ARMANDO.BACOT","CALEB.LOVE","RJ.DAVIS","WALKER.KESSLER","North Carolina",0,0,0,0,0,0,0,0,0,0,0,0,0,0,0,0,0,0,0,0,0,0,0,0,0,0,0,0,0,0,0,0,0,0,0,0,0,0,0,0,0,0,0,0,0,0,0,0,0,0,0,0,0,0,0,0,0,0,0,0,0,0,0,0,0,0,0,0,"Stanford"
"ANDREW.PLATEK","ARMANDO.BACOT","DAYRON.SHARPE","LEAKY.BLACK","RJ.DAVIS","North Carolina",0.617,2,1,1,2,1.5,133.333,66.667,66.667,1,0,0,0,0,1,1,0,1,1.053,0,0,1,0,0,0,0,0,1,0,0,0,0,0,0,1,0,0,0,0,12.333,1,0.5,1,0,1,0,0,0,0,0,0,1,0,1,0,0,0,0,0,0,0,0,0,0,0,1,0,0,"Stanford"
"ANDREW.PLATEK","CALEB.LOVE","DAYRON.SHARPE","GARRISON.BROOKS","KERWIN.WALTON","North Carolina",1.617,2,3,3,4,3.5,57.143,85.714,-28.571,0.25,0.5,0,0,0,0.5,0.25,0.5,0.25,0.508,1,0,0,1,0.25,0.5,0.25,0,0.5,0.5,0,1,0,0,0,0.333,0,0,0.333,1,13.857,1.333,0.75,4,2,1,1,1,1,0,0,0,2,0,1,1,0,1,0,1,0,1,2,0,0,0,1,0,0,"Stanford"
"ANDREW.PLATEK","CALEB.LOVE","DAYRON.SHARPE","GARRISON.BROOKS","LEAKY.BLACK","North Carolina",1.35,2,2,3,3,3,66.667,66.667,0,0,0.333,0,0,1,0,0,0.333,0.513,0.333,0,0.5,0,0,0,0.333,1,0.667,0,0,2,0,0,0,0.333,0,0,1,0,1,13.5,0.667,1,1,3,0,1,0,1,0,0,2,0,2,0,1,2,0,1,0,0,2,1,0,1,1,0,0,0,"Stanford"
"ANDREW.PLATEK","CALEB.LOVE","DAYRON.SHARPE","GARRISON.BROOKS","RJ.DAVIS","North Carolina",2.4,5,4,4,4,4,125,100,25,0.5,0.333,0,1,0.5,1,0.5,0.5,0.505,0.576,1,0,0.5,0,0.25,0.333,0.25,0.333,0.5,0.333,0.5,0.333,0.5,1,0,0,0,0,0.5,1,18,1.25,1,4,3,2,1,1,1,0,1,2,1,1,1,1,1,1,0,1,0,2,1,0,0,0,0,1,1,"Stanford"
"ANDREW.PLATEK","CALEB.LOVE","GARRISON.BROOKS","LEAKY.BLACK","WALKER.KESSLER","North Carolina",1.3,2,3,1,2,1.5,133.333,200,-66.667,1,0.5,0,0,0,1,1,0.5,1,0.606,1,1,0,0,0,0.5,1,0.5,0,0,0,0.5,1,0,0,0,0,0,0,0,26,1,1.5,1,2,1,1,0,1,0,0,0,1,0,1,1,1,1,1,0,1,0,0,0,0,0,0,1,0,"Stanford"
"ANDREW.PLATEK","DAYRON.SHARPE","GARRISON.BROOKS","KERWIN.WALTON","LEAKY.BLACK","North Carolina",0,0,0,0,0,0,0,0,0,0,0,0,0,0,0,0,0,0,0,0,0,0,0,0,0,0,0,0,0,0,0,0,0,0,0,0,0,0,0,0,0,0,0,0,0,0,0,0,0,0,0,0,0,0,0,0,0,0,0,0,0,0,0,0,0,0,0,0,"Stanford"
"ANDREW.PLATEK","DAYRON.SHARPE","KERWIN.WALTON","LEAKY.BLACK","RJ.DAVIS","North Carolina",0,0,0,0,0,0,0,0,0,0,0,0,0,0,0,0,0,0,0,0,0,0,0,0,0,0,0,0,0,0,0,0,0,0,0,0,0,0,0,0,0,0,0,0,0,0,0,0,0,0,0,0,0,0,0,0,0,0,0,0,0,0,0,0,0,0,0,0,"Stanford"
"ANDREW.PLATEK","DAYRON.SHARPE","LEAKY.BLACK","RJ.DAVIS","WALKER.KESSLER","North Carolina",0,0,0,0,0,0,0,0,0,0,0,0,0,0,0,0,0,0,0,0,0,0,0,0,0,0,0,0,0,0,0,0,0,0,0,0,0,0,0,0,0,0,0,0,0,0,0,0,0,0,0,0,0,0,0,0,0,0,0,0,0,0,0,0,0,0,0,0,"Stanford"
"ANDREW.PLATEK","GARRISON.BROOKS","LEAKY.BLACK","RJ.DAVIS","WALKER.KESSLER","North Carolina",0.65,0,3,2,2,2,0,150,-150,0,1,0,0,0,1,0,1,0,1.017,0,0,0,1,0,0,0,0,1,1,0,1,0,0,0.5,0,0,0,0,0,9.75,0.5,1,1,1,0,1,0,0,0,0,0,1,0,1,0,0,0,0,0,0,0,1,0,0,1,0,0,0,"Stanford"
"ARMANDO.BACOT","CALEB.LOVE","GARRISON.BROOKS","KERWIN.WALTON","LEAKY.BLACK","North Carolina",1.45,4,2,3,3,3,133.333,66.667,66.667,1,1,0,0,0,0,1,1,1,1,1,1,0,0,0,0,1,1,0,0,0,0,0,0,0.333,0.667,0,0,0,0,14.5,0.667,0.333,2,1,2,1,0,0,0,0,0,0,0,0,2,1,2,1,0,0,0,0,0,0,1,2,0,0,"Stanford"
"ARMANDO.BACOT","CALEB.LOVE","GARRISON.BROOKS","LEAKY.BLACK","RJ.DAVIS","North Carolina",10.35,17,21,20,17,18.5,91.892,113.514,-21.622,0.364,0.615,0.333,0.5,0.727,0.75,0.409,0.692,0.524,0.705,0.5,0.833,0.333,0.333,0.273,0.308,0.182,0.462,0.545,0.231,1,0.308,0.5,0.625,0.3,0.15,0,0,0.375,0.833,16.784,0.85,0.882,11,13,4,8,3,4,1,2,11,4,8,3,2,6,1,5,3,1,5,5,0,0,6,3,2,5,"Stanford"
"ARMANDO.BACOT","CALEB.LOVE","LEAKY.BLACK","RJ.DAVIS","WALKER.KESSLER","North Carolina",0.167,0,2,0,1,0.5,0,400,-400,0,1,0,0,0,0,0,1,0,1,0,1,0,0,0,0,0,1,0,0,0,0,0,0,0,0,0,0,0,0,10,0,1,0,1,0,1,0,0,0,0,0,0,0,0,0,1,0,1,0,0,0,1,0,0,0,0,0,0,"Stanford"
"CALEB.LOVE","DAYRON.SHARPE","GARRISON.BROOKS","KERWIN.WALTON","LEAKY.BLACK","North Carolina",0.067,0,0,0,1,0.5,0,0,0,0,0,0,0,0,0,0,0,0,0,0,0,0,0,0,0,0,0,0,0,0,0,0,0,0,0,0,0,0,0,4,0,1,0,0,0,0,0,0,0,0,0,1,0,0,0,0,0,0,0,0,0,0,0,0,0,0,0,0,"Stanford"
"CALEB.LOVE","DAYRON.SHARPE","GARRISON.BROOKS","LEAKY.BLACK","RJ.DAVIS","North Carolina",6.467,9,5,11,10,10.5,85.714,47.619,38.095,0.429,0.125,0,0,0.6,0.6,0.429,0.125,0.48,0.241,1,0.333,0.25,0,0.143,0.5,0.286,0.375,0.571,0.125,0.714,0.625,0.333,0,0.455,0.091,0.25,0.143,0.8,0.714,18.476,0.909,1.1,7,8,3,1,1,4,0,0,5,5,3,3,2,3,2,1,4,2,5,1,2,1,5,1,1,0,"Stanford"
"CALEB.LOVE","DAYRON.SHARPE","LEAKY.BLACK","RJ.DAVIS","WALKER.KESSLER","North Carolina",1.383,0,0,2,2,2,0,0,0,0,0,0,0,0,0,0,0,0,0,0,0,0,0,0,0.5,1,0.5,0,0,2,0,0,0,0.5,0,0.5,1,1,1,20.75,1,1,1,2,0,0,0,1,0,0,2,0,0,0,1,1,0,0,1,0,2,0,1,1,1,0,0,0,"Stanford"
"CALEB.LOVE","GARRISON.BROOKS","KERWIN.WALTON","LEAKY.BLACK","WALKER.KESSLER","North Carolina",1.967,0,4,4,4,4,0,100,-100,0,0.333,0,0.5,0,1,0,0.5,0,0.576,0,0,0,0,0.25,0.667,0.5,0,0.25,0.333,0,0.333,0,1,0.5,0,0,0.25,0.5,1,14.75,1,1,4,3,0,1,1,2,0,1,0,1,0,1,2,0,0,0,2,0,2,2,0,1,2,0,0,1,"Stanford"
"DAYRON.SHARPE","KERWIN.WALTON","LEAKY.BLACK","RJ.DAVIS","WALKER.KESSLER","North Carolina",2.667,5,4,6,5,5.5,90.909,72.727,18.182,1,0.25,1,0,0,1,1.25,0.25,1.01,0.404,1,0.5,0,0,0.5,0.5,0.5,0.5,0,0,0.5,0.5,1,0,0.667,0.333,0.25,0,1,0.5,14.545,0.5,1,2,4,2,1,1,2,1,0,1,2,0,2,1,2,1,1,1,2,2,0,1,0,4,2,2,0,"Stanford"
"ANDREW.PLATEK","ARMANDO.BACOT","CALEB.LOVE","GARRISON.BROOKS","LEAKY.BLACK","North Carolina",2.7,4,5,5,4,4.5,88.889,111.111,-22.222,0.25,0.4,0,1,0.667,0,0.25,0.5,0.369,0.5,1,0.333,0,0,0,0.2,0.25,0.6,0.75,0.2,0.75,0,0,0.5,0,0.2,0.2,0.25,0.25,0.333,18,1.2,1.25,4,5,1,2,0,1,0,1,3,0,2,0,1,3,1,1,1,2,1,3,1,1,0,1,0,1,"Texas"
"ANDREW.PLATEK","ARMANDO.BACOT","GARRISON.BROOKS","KERWIN.WALTON","LEAKY.BLACK","North Carolina",0.033,0,0,0,0,0,0,0,0,0,0,0,0,0,0,0,0,0,0,0,0,0,0,0,0,0,0,0,0,0,0,0,0,0,0,0,0,0,0,0,0,0,0,0,0,0,0,0,0,0,0,0,0,0,0,0,0,0,0,0,0,0,0,0,0,0,0,0,"Texas"
"ANDREW.PLATEK","ARMANDO.BACOT","GARRISON.BROOKS","LEAKY.BLACK","RJ.DAVIS","North Carolina",0,0,0,0,0,0,0,0,0,0,0,0,0,0,0,0,0,0,0,0,0,0,0,0,0,0,0,0,0,0,0,0,0,0,0,0,0,0,0,0,0,0,0,0,0,0,0,0,0,0,0,0,0,0,0,0,0,0,0,0,0,0,0,0,0,0,0,0,"Texas"
"ANDREW.PLATEK","CALEB.LOVE","DAYRON.SHARPE","GARRISON.BROOKS","LEAKY.BLACK","North Carolina",1.1,0,10,3,4,3.5,0,285.714,-285.714,0,1,0,1,0,1,0,1.5,0,1.439,0,0,0,0,0,1,1,0,0,0,0,0.333,0,0.667,0.667,0,0,1,0,0,9.429,0.333,1,1,3,0,3,0,3,0,3,0,1,0,1,1,0,0,0,0,0,0,1,0,1,2,0,0,2,"Texas"
"ANDREW.PLATEK","DAYRON.SHARPE","GARRISON.BROOKS","KJ.SMITH","PUFF.JOHNSON","North Carolina",0,0,0,0,0,0,0,0,0,0,0,0,0,0,0,0,0,0,0,0,0,0,0,0,0,0,0,0,0,0,0,0,0,0,0,0,0,0,0,0,0,0,0,0,0,0,0,0,0,0,0,0,0,0,0,0,0,0,0,0,0,0,0,0,0,0,0,0,"Texas"
"ANDREW.PLATEK","DAYRON.SHARPE","GARRISON.BROOKS","LEAKY.BLACK","PUFF.JOHNSON","North Carolina",0,0,0,0,0,0,0,0,0,0,0,0,0,0,0,0,0,0,0,0,0,0,0,0,0,0,0,0,0,0,0,0,0,0,0,0,0,0,0,0,0,0,0,0,0,0,0,0,0,0,0,0,0,0,0,0,0,0,0,0,0,0,0,0,0,0,0,0,"Texas"
"ANDREW.PLATEK","DAYRON.SHARPE","GARRISON.BROOKS","LEAKY.BLACK","RJ.DAVIS","North Carolina",1.717,4,4,3,4,3.5,114.286,114.286,0,0.5,0.4,0,0,1,0,0.5,0.4,0.678,0.4,0.5,0.5,0,0,0,0,1,0.8,0,0.2,1,0,0,0,0.333,0,0,0,1,0.667,14.714,1,1.25,2,5,1,2,0,0,0,0,2,0,2,0,2,4,1,2,1,1,2,0,0,0,1,0,0,0,"Texas"
"ANDREW.PLATEK","GARRISON.BROOKS","KERWIN.WALTON","LEAKY.BLACK","RJ.DAVIS","North Carolina",0,0,0,0,0,0,0,0,0,0,0,0,0,0,0,0,0,0,0,0,0,0,0,0,0,0,0,0,0,0,0,0,0,0,0,0,0,0,0,0,0,0,0,0,0,0,0,0,0,0,0,0,0,0,0,0,0,0,0,0,0,0,0,0,0,0,0,0,"Texas"
"ANDREW.PLATEK","KERWIN.WALTON","LEAKY.BLACK","RJ.DAVIS","WALKER.KESSLER","North Carolina",0,0,0,0,0,0,0,0,0,0,0,0,0,0,0,0,0,0,0,0,0,0,0,0,0,0,0,0,0,0,0,0,0,0,0,0,0,0,0,0,0,0,0,0,0,0,0,0,0,0,0,0,0,0,0,0,0,0,0,0,0,0,0,0,0,0,0,0,"Texas"
"ARMANDO.BACOT","CALEB.LOVE","DAYRON.SHARPE","LEAKY.BLACK","RJ.DAVIS","North Carolina",2.15,4,2,4,4,4,100,50,50,0.5,0.5,0,0,0,0,0.5,0.5,0.447,0.5,1,1,0,0,0.25,0.5,0.5,0.5,0.25,0,0.25,0,1,0,0,0.5,0,0,0.333,1,16.125,1.25,0.5,4,2,2,1,1,1,0,0,1,0,0,0,2,1,2,1,1,0,1,2,0,0,0,2,2,0,"Texas"
"ARMANDO.BACOT","CALEB.LOVE","GARRISON.BROOKS","KERWIN.WALTON","RJ.DAVIS","North Carolina",0,0,0,0,0,0,0,0,0,0,0,0,0,0,0,0,0,0,0,0,0,0,0,0,0,0,0,0,0,0,0,0,0,0,0,0,0,0,0,0,0,0,0,0,0,0,0,0,0,0,0,0,0,0,0,0,0,0,0,0,0,0,0,0,0,0,0,0,"Texas"
"ARMANDO.BACOT","CALEB.LOVE","GARRISON.BROOKS","LEAKY.BLACK","RJ.DAVIS","North Carolina",17.017,31,24,30,29,29.5,105.085,81.356,23.729,0.458,0.333,0,0.222,0.6,0.8,0.458,0.37,0.498,0.409,0.625,0.231,0.5,0.8,0.167,0.333,0.333,0.481,0.5,0.185,0.625,0.185,0.182,0.333,0.2,0.133,0.074,0.042,0.471,0.737,17.305,1.067,1.034,24,27,11,9,4,9,0,2,15,5,9,4,8,13,5,3,8,5,14,9,2,1,6,4,2,3,"Texas"
"ARMANDO.BACOT","CALEB.LOVE","LEAKY.BLACK","RJ.DAVIS","WALKER.KESSLER","North Carolina",0.067,1,0,1,1,1,100,0,100,0,0,0,0,1,0,0,0,1.053,0,0,0,0,0,0,0,0,0,0,0,0,0,0,0,0,1,0,0,0,0,2,1,0,0,0,0,0,0,0,0,0,1,0,1,0,0,0,0,0,0,0,0,0,0,0,0,1,0,0,"Texas"
"ARMANDO.BACOT","GARRISON.BROOKS","KERWIN.WALTON","KJ.SMITH","PUFF.JOHNSON","North Carolina",1.8,3,7,2,3,2.5,120,280,-160,0.5,1,1,1,0,1,0.75,1.5,0.75,1.414,0,0,0,0,0.5,1,0,0,0.5,0,0,0.5,0,0.5,0,0,0,0,0,0,21.6,1,1,2,2,1,2,1,2,1,2,0,1,0,1,0,0,0,0,0,0,0,1,0,0,0,0,0,1,"Texas"
"ARMANDO.BACOT","GARRISON.BROOKS","KERWIN.WALTON","PUFF.JOHNSON","RJ.DAVIS","North Carolina",0.95,3,0,2,1,1.5,200,0,200,0.5,0,0,0,0.5,0,0.5,0,0.508,0,1,0,0,0,0.5,1,0.5,0,0,0,1,0,0,0,0,0,0,0,1,1,19,1.5,1,2,1,1,0,1,1,0,0,2,0,1,0,1,0,1,0,1,0,1,0,0,0,0,0,0,0,"Texas"
"CALEB.LOVE","DAYRON.SHARPE","GARRISON.BROOKS","LEAKY.BLACK","RJ.DAVIS","North Carolina",2.5,3,3,4,3,3.5,85.714,85.714,0,0.25,0.333,0,0.5,1,0,0.25,0.5,0.335,0.5,0,0,0.333,0,0,0.667,0.25,0,0.75,0.333,0.25,0,0,1,0,0,0,0,0.333,1,21.429,1.25,1,4,3,1,1,0,2,0,1,1,0,1,0,1,0,0,0,1,0,2,2,0,0,0,0,0,1,"Texas"
"CALEB.LOVE","DAYRON.SHARPE","LEAKY.BLACK","RJ.DAVIS","WALKER.KESSLER","North Carolina",3.517,6,5,6,7,6.5,92.308,76.923,15.385,0.5,0.333,0,0,0,0.5,0.5,0.333,0.432,0.427,0.333,0.5,1,0,0.167,0.333,0.5,0.667,0.333,0,0.333,2,0.333,1,0.167,0.167,0,0.167,0.5,1,16.231,1.167,0.857,6,3,3,1,1,1,0,0,2,6,0,3,3,2,1,1,2,0,4,2,0,1,1,1,1,1,"Texas"
"CALEB.LOVE","GARRISON.BROOKS","LEAKY.BLACK","PUFF.JOHNSON","RJ.DAVIS","North Carolina",0,0,0,0,0,0,0,0,0,0,0,0,0,0,0,0,0,0,0,0,0,0,0,0,0,0,0,0,0,0,0,0,0,0,0,0,0,0,0,0,0,0,0,0,0,0,0,0,0,0,0,0,0,0,0,0,0,0,0,0,0,0,0,0,0,0,0,0,"Texas"
"CALEB.LOVE","GARRISON.BROOKS","LEAKY.BLACK","RJ.DAVIS","WALKER.KESSLER","North Carolina",0.9,0,3,1,2,1.5,0,200,-200,0,1,0,0,0,1,0,1,0,1.017,0,1,0,0,0,0,0,1,1,0,2,1,0,1,0,0,0,0,0.333,0,18,2,1,1,1,0,1,0,0,0,0,2,1,0,1,0,1,0,1,1,0,0,2,0,0,0,0,0,1,"Texas"
"DAYRON.SHARPE","GARRISON.BROOKS","KERWIN.WALTON","KJ.SMITH","PUFF.JOHNSON","North Carolina",1.6,2,2,3,2,2.5,80,80,0,0.333,0.5,0,0,0,0,0.333,0.5,0.333,0.5,0.333,0.5,0,0,0,0,1,1,0,0,0,0,0,0,0.333,0,0.5,0,0.5,1,19.2,1,1,3,2,1,1,0,0,0,0,0,0,0,0,3,2,1,1,1,0,1,1,1,0,1,0,0,0,"Texas"
"DAYRON.SHARPE","GARRISON.BROOKS","KERWIN.WALTON","PUFF.JOHNSON","RJ.DAVIS","North Carolina",0,0,0,0,0,0,0,0,0,0,0,0,0,0,0,0,0,0,0,0,0,0,0,0,0,0,0,0,0,0,0,0,0,0,0,0,0,0,0,0,0,0,0,0,0,0,0,0,0,0,0,0,0,0,0,0,0,0,0,0,0,0,0,0,0,0,0,0,"Texas"
"DAYRON.SHARPE","KERWIN.WALTON","LEAKY.BLACK","RJ.DAVIS","WALKER.KESSLER","North Carolina",2.567,4,4,5,6,5.5,72.727,72.727,0,1,0.5,0,0,0.667,0,1,0.5,0.825,0.5,1,1,0,0.5,0,0.25,1,0.25,0,0.5,3,0,0,0,0.6,0.4,0,0,1,1,14,0.6,0.667,1,4,1,2,0,1,0,0,3,0,2,0,1,1,1,1,1,0,2,0,0,0,3,2,0,0,"Texas"
"DAYRON.SHARPE","KERWIN.WALTON","PUFF.JOHNSON","RJ.DAVIS","WALKER.KESSLER","North Carolina",1.383,2,0,2,2,2,100,0,100,0.25,0,0,0,0,0,0.25,0,0.25,0,0.5,0,0,0,0.25,0.5,0.5,0,0.25,0.5,0,0,1,0,0,0,0,0,0.667,1,20.75,2,1,4,2,1,0,1,1,0,0,0,0,0,0,2,0,1,0,2,0,2,1,0,0,0,0,1,0,"Texas"
"GARRISON.BROOKS","KERWIN.WALTON","KJ.SMITH","PUFF.JOHNSON","RJ.DAVIS","North Carolina",0,0,0,0,0,0,0,0,0,0,0,0,0,0,0,0,0,0,0,0,0,0,0,0,0,0,0,0,0,0,0,0,0,0,0,0,0,0,0,0,0,0,0,0,0,0,0,0,0,0,0,0,0,0,0,0,0,0,0,0,0,0,0,0,0,0,0,0,"Texas"
"GARRISON.BROOKS","KJ.SMITH","LEAKY.BLACK","PUFF.JOHNSON","RJ.DAVIS","North Carolina",0,0,0,0,0,0,0,0,0,0,0,0,0,0,0,0,0,0,0,0,0,0,0,0,0,0,0,0,0,0,0,0,0,0,0,0,0,0,0,0,0,0,0,0,0,0,0,0,0,0,0,0,0,0,0,0,0,0,0,0,0,0,0,0,0,0,0,0,"Texas"
"ANDREW.PLATEK","ARMANDO.BACOT","CALEB.LOVE","DAYRON.SHARPE","KERWIN.WALTON","North Carolina",1.55,4,3,3,3,3,133.333,100,33.333,1,0.25,0,0.333,0,0,1,0.375,1,0.375,1,0,1,0,0,0.75,0.5,0.25,0.5,0,0,0,1,1,0.333,0,0,0,0,0.667,15.5,0.667,1.333,2,4,2,1,0,3,0,1,0,0,0,0,1,1,1,0,0,1,2,0,0,0,1,0,2,1,"Iowa"
"ANDREW.PLATEK","ARMANDO.BACOT","CALEB.LOVE","DAYRON.SHARPE","LEAKY.BLACK","North Carolina",0,0,0,0,0,0,0,0,0,0,0,0,0,0,0,0,0,0,0,0,0,0,0,0,0,0,0,0,0,0,0,0,0,0,0,0,0,0,0,0,0,0,0,0,0,0,0,0,0,0,0,0,0,0,0,0,0,0,0,0,0,0,0,0,0,0,0,0,"Iowa"
"ANDREW.PLATEK","ARMANDO.BACOT","CALEB.LOVE","LEAKY.BLACK","RJ.DAVIS","North Carolina",0.367,2,2,1,2,1.5,133.333,133.333,0,0,1,0,0,1,0,0,1,1.053,0.678,0,1,0,0,0,0,0,1,0,0,0,1,0,0,0,0,0,0,0,1,7.333,1,1,0,1,0,1,0,0,0,0,2,1,2,0,0,1,0,1,0,0,1,0,0,0,0,0,0,0,"Iowa"
"ANDREW.PLATEK","ARMANDO.BACOT","DAYRON.SHARPE","LEAKY.BLACK","RJ.DAVIS","North Carolina",1.433,2,6,3,3,3,66.667,200,-133.333,1,1,0,1,0,0,1,1.5,1,1.5,1,0,0,0,0,1,1,0,0,0,0,0,1,1,0.667,0.333,0,0,0,0,14.333,0.333,0.667,1,2,1,2,0,2,0,2,0,0,0,0,1,0,1,0,0,0,0,0,0,0,2,1,1,2,"Iowa"
"ANDREW.PLATEK","ARMANDO.BACOT","GARRISON.BROOKS","KERWIN.WALTON","RJ.DAVIS","North Carolina",1.3,8,3,3,3,3,266.667,100,166.667,1,0.5,1,0,0,0.5,1.333,0.5,1.333,0.508,0,1,1,0,0.667,0.5,0,0.5,0.333,0,0,1,0.667,1,0,0,0,0,0,1,13,1,1,3,2,3,1,2,1,2,0,0,2,0,1,0,1,0,1,0,0,2,0,0,0,0,0,2,1,"Iowa"
"ANDREW.PLATEK","ARMANDO.BACOT","KERWIN.WALTON","LEAKY.BLACK","RJ.DAVIS","North Carolina",0.483,0,0,1,1,1,0,0,0,0,0,0,0,0,0,0,0,0,0,0,0,0,0,0,0,0,0,0,0,0,0,0,0,1,1,0,0,0,0,14.5,0,0,0,0,0,0,0,0,0,0,0,0,0,0,0,0,0,0,0,0,0,0,0,0,1,1,0,0,"Iowa"
"ANDREW.PLATEK","CALEB.LOVE","DAYRON.SHARPE","GARRISON.BROOKS","PUFF.JOHNSON","North Carolina",1.067,3,3,1,2,1.5,200,200,0,1,0.5,1,1,0,0,1.5,0.75,1.5,0.75,0,0,0,0,1,0.5,0,0,0,0.5,0,0,1,1,0,0,0,0,0,1,21.333,1,1,1,2,1,1,1,1,1,1,0,0,0,0,0,0,0,0,0,0,1,0,0,0,0,0,1,1,"Iowa"
"ANDREW.PLATEK","CALEB.LOVE","DAYRON.SHARPE","LEAKY.BLACK","RJ.DAVIS","North Carolina",1.3,2,8,3,3,3,66.667,266.667,-200,0.5,1,0,1,0,1,0.5,1.5,0.292,1.356,0.5,0,0,0,0,1,1,0,0,0,1.5,1,0,1,0,0,0,0.5,0.333,0,13,1.333,1,2,2,1,2,0,2,0,2,3,2,0,2,2,0,1,0,1,0,0,2,0,1,0,0,0,2,"Iowa"
"ANDREW.PLATEK","CALEB.LOVE","GARRISON.BROOKS","LEAKY.BLACK","RJ.DAVIS","North Carolina",2.383,2,8,4,5,4.5,44.444,177.778,-133.333,0.333,0.6,0,0.5,0,1,0.333,0.7,0.333,0.731,0.333,0.667,0,0,0,0.4,1,0.6,0,0,0,0.2,0,0.667,0.25,0.25,0,0,0,0,15.889,0.75,1.2,3,5,1,3,0,2,0,1,0,1,0,1,3,3,1,2,0,2,0,2,0,0,1,1,0,2,"Iowa"
"ANDREW.PLATEK","CALEB.LOVE","GARRISON.BROOKS","LEAKY.BLACK","WALKER.KESSLER","North Carolina",0,0,0,0,0,0,0,0,0,0,0,0,0,0,0,0,0,0,0,0,0,0,0,0,0,0,0,0,0,0,0,0,0,0,0,0,0,0,0,0,0,0,0,0,0,0,0,0,0,0,0,0,0,0,0,0,0,0,0,0,0,0,0,0,0,0,0,0,"Iowa"
"ANDREW.PLATEK","CALEB.LOVE","GARRISON.BROOKS","PUFF.JOHNSON","WALKER.KESSLER","North Carolina",1.817,2,3,4,4,4,50,75,-25,0.167,0.25,0,0.333,0,0,0.167,0.375,0.167,0.375,0.25,0,0,0,0.167,0.75,0.667,0.25,0.167,0,0,0,1,0,0,0,0,0,0.4,1,13.625,1.5,1,6,4,1,1,1,3,0,1,0,0,0,0,4,1,1,0,2,0,3,3,0,0,0,0,1,0,"Iowa"
"ANDREW.PLATEK","DAYRON.SHARPE","GARRISON.BROOKS","KERWIN.WALTON","LEAKY.BLACK","North Carolina",0,0,0,0,0,0,0,0,0,0,0,0,0,0,0,0,0,0,0,0,0,0,0,0,0,0,0,0,0,0,0,0,0,0,0,0,0,0,0,0,0,0,0,0,0,0,0,0,0,0,0,0,0,0,0,0,0,0,0,0,0,0,0,0,0,0,0,0,"Iowa"
"ANDREW.PLATEK","DAYRON.SHARPE","GARRISON.BROOKS","KERWIN.WALTON","RJ.DAVIS","North Carolina",1.35,4,2,4,4,4,100,50,50,0.667,0.333,0,0,0,0,0.667,0.333,0.667,0.333,0.667,1,0,0,0,0.667,1,0.333,0,0,0,0,0.5,0,0.5,0.5,0,0.333,1,0.5,10.125,0.75,0.75,3,3,2,1,0,2,0,0,0,0,0,0,3,1,2,1,1,1,1,0,0,1,2,2,1,0,"Iowa"
"ANDREW.PLATEK","DAYRON.SHARPE","GARRISON.BROOKS","LEAKY.BLACK","RJ.DAVIS","North Carolina",2.467,7,6,6,5,5.5,127.273,109.091,18.182,0.667,0.75,0,0,1,0,0.667,0.75,0.791,0.75,0.5,1,1,0,0,0.25,0.667,0.75,0.333,0,1,0,0.5,0.667,0.333,0.167,0,0.333,1,1,13.455,0.833,0.8,3,4,2,3,0,1,0,0,3,0,3,0,2,3,1,3,1,0,1,0,0,1,2,1,1,2,"Iowa"
"ANDREW.PLATEK","DAYRON.SHARPE","GARRISON.BROOKS","PUFF.JOHNSON","RJ.DAVIS","North Carolina",0.383,1,0,2,1,1.5,66.667,0,66.667,0,0,0,0,1,0,0,0,1.053,0,0,0,0,0,0,0,0,1,0,0,0,0,0,0,0.5,0,0,0,0,1,7.667,0.5,1,0,1,0,0,0,0,0,0,1,0,1,0,0,1,0,0,0,0,1,0,0,0,1,0,0,0,"Iowa"
"ANDREW.PLATEK","DAYRON.SHARPE","KERWIN.WALTON","LEAKY.BLACK","RJ.DAVIS","North Carolina",0.217,2,1,1,1,1,200,100,100,0,0,0,0,1,1,0,0,0.513,1.053,0,0,0,0,0,0,1,0,0,0,2,0,0,0,0,0,0,0,1,0,6.5,2,1,1,0,0,0,0,0,0,0,2,1,2,1,1,0,0,0,1,0,0,0,0,0,0,0,0,0,"Iowa"
"ARMANDO.BACOT","CALEB.LOVE","DAYRON.SHARPE","KERWIN.WALTON","WALKER.KESSLER","North Carolina",0,0,0,0,0,0,0,0,0,0,0,0,0,0,0,0,0,0,0,0,0,0,0,0,0,0,0,0,0,0,0,0,0,0,0,0,0,0,0,0,0,0,0,0,0,0,0,0,0,0,0,0,0,0,0,0,0,0,0,0,0,0,0,0,0,0,0,0,"Iowa"
"ARMANDO.BACOT","CALEB.LOVE","DAYRON.SHARPE","LEAKY.BLACK","RJ.DAVIS","North Carolina",0,0,0,0,0,0,0,0,0,0,0,0,0,0,0,0,0,0,0,0,0,0,0,0,0,0,0,0,0,0,0,0,0,0,0,0,0,0,0,0,0,0,0,0,0,0,0,0,0,0,0,0,0,0,0,0,0,0,0,0,0,0,0,0,0,0,0,0,"Iowa"
"ARMANDO.BACOT","CALEB.LOVE","GARRISON.BROOKS","KERWIN.WALTON","LEAKY.BLACK","North Carolina",0,0,0,0,0,0,0,0,0,0,0,0,0,0,0,0,0,0,0,0,0,0,0,0,0,0,0,0,0,0,0,0,0,0,0,0,0,0,0,0,0,0,0,0,0,0,0,0,0,0,0,0,0,0,0,0,0,0,0,0,0,0,0,0,0,0,0,0,"Iowa"
"ARMANDO.BACOT","CALEB.LOVE","GARRISON.BROOKS","KERWIN.WALTON","RJ.DAVIS","North Carolina",1.95,0,2,4,4,4,0,50,-50,0,0.25,0,0,0,0,0,0.25,0,0.25,0,0,0,1,1,0.5,0,0.25,0,0.25,0,0,0,0,0.5,0,0,0,0,1,14.625,0.5,1,2,4,0,1,2,2,0,0,0,0,0,0,0,1,0,0,0,0,3,2,0,0,2,0,0,0,"Iowa"
"ARMANDO.BACOT","CALEB.LOVE","GARRISON.BROOKS","LEAKY.BLACK","RJ.DAVIS","North Carolina",14.917,26,28,27,25,26,100,107.692,-7.692,0.407,0.44,0.286,0.429,0.5,0,0.444,0.56,0.45,0.55,0.636,0.5,0.222,0.4,0.259,0.56,0.407,0.24,0.333,0.2,0.148,0.04,0.636,0.727,0.148,0.111,0.08,0.074,0.333,0.714,17.212,1.074,1.04,27,25,11,11,7,14,2,6,4,1,2,0,11,6,7,3,6,4,10,12,2,2,4,3,7,8,"Iowa"
"ARMANDO.BACOT","CALEB.LOVE","GARRISON.BROOKS","LEAKY.BLACK","WALKER.KESSLER","North Carolina",0,0,0,0,0,0,0,0,0,0,0,0,0,0,0,0,0,0,0,0,0,0,0,0,0,0,0,0,0,0,0,0,0,0,0,0,0,0,0,0,0,0,0,0,0,0,0,0,0,0,0,0,0,0,0,0,0,0,0,0,0,0,0,0,0,0,0,0,"Iowa"
"ARMANDO.BACOT","CALEB.LOVE","KERWIN.WALTON","RJ.DAVIS","WALKER.KESSLER","North Carolina",0,0,0,0,0,0,0,0,0,0,0,0,0,0,0,0,0,0,0,0,0,0,0,0,0,0,0,0,0,0,0,0,0,0,0,0,0,0,0,0,0,0,0,0,0,0,0,0,0,0,0,0,0,0,0,0,0,0,0,0,0,0,0,0,0,0,0,0,"Iowa"
"ARMANDO.BACOT","DAYRON.SHARPE","GARRISON.BROOKS","LEAKY.BLACK","RJ.DAVIS","North Carolina",0,0,0,0,0,0,0,0,0,0,0,0,0,0,0,0,0,0,0,0,0,0,0,0,0,0,0,0,0,0,0,0,0,0,0,0,0,0,0,0,0,0,0,0,0,0,0,0,0,0,0,0,0,0,0,0,0,0,0,0,0,0,0,0,0,0,0,0,"Iowa"
"ARMANDO.BACOT","GARRISON.BROOKS","KERWIN.WALTON","LEAKY.BLACK","RJ.DAVIS","North Carolina",0,0,0,0,0,0,0,0,0,0,0,0,0,0,0,0,0,0,0,0,0,0,0,0,0,0,0,0,0,0,0,0,0,0,0,0,0,0,0,0,0,0,0,0,0,0,0,0,0,0,0,0,0,0,0,0,0,0,0,0,0,0,0,0,0,0,0,0,"Iowa"
"CALEB.LOVE","DAYRON.SHARPE","GARRISON.BROOKS","KERWIN.WALTON","LEAKY.BLACK","North Carolina",0.25,0,0,0,0,0,0,0,0,0,0,0,0,0,0,0,0,0,0,0,0,0,0,0,1,0,0,0,0,0,0,0,0,0,0,0,0,0,0,0,0,0,0,2,0,0,0,2,0,0,0,0,0,0,0,0,0,0,0,2,0,0,0,0,0,0,0,0,"Iowa"
"CALEB.LOVE","DAYRON.SHARPE","GARRISON.BROOKS","LEAKY.BLACK","RJ.DAVIS","North Carolina",1.967,4,2,2,4,3,133.333,66.667,66.667,0.667,0,0,0,0,1,0.667,0,0.667,0.339,0.667,0,0,0,0,0.5,1,0,0,0.5,0,1,1,0,0,0.5,0,0,1,1,19.667,1.5,0.75,3,2,2,0,0,1,0,0,0,2,0,2,3,0,2,0,1,0,2,0,0,0,0,1,2,0,"Iowa"
"CALEB.LOVE","DAYRON.SHARPE","GARRISON.BROOKS","PUFF.JOHNSON","RJ.DAVIS","North Carolina",0,1,0,1,0,0.5,200,0,200,0,0,0,0,0.5,0,0,0,0.526,0,0,0,0,0,0,0,0,0,0,0,0,0,0,0,0,0,0,0,0,0,0,1,0,0,0,0,0,0,0,0,0,2,0,1,0,0,0,0,0,0,0,0,1,0,0,0,0,0,0,"Iowa"
"CALEB.LOVE","DAYRON.SHARPE","KERWIN.WALTON","RJ.DAVIS","WALKER.KESSLER","North Carolina",1.8,2,3,3,4,3.5,57.143,85.714,-28.571,0.5,0.5,0,1,0,0,0.5,0.75,0.5,0.508,0,0,0.5,0,0,0.5,0,0.5,1,0,0,1,1,1,0.333,0.333,0,0,0,1,15.429,0.667,0.75,2,2,1,1,0,1,0,1,0,2,0,0,0,1,0,0,0,0,2,1,0,0,1,1,1,1,"Iowa"
"CALEB.LOVE","GARRISON.BROOKS","KERWIN.WALTON","LEAKY.BLACK","WALKER.KESSLER","North Carolina",2.333,7,10,5,7,6,116.667,166.667,-50,0.6,0.4,0.5,0.5,0,0.5,0.7,0.45,0.588,0.457,0.5,0.429,1,0,0.4,0.2,0.4,0.7,0.2,0.1,0.4,0.2,0.667,0.5,0.2,0,0.1,0,0.667,0.429,11.667,1.2,1.571,5,10,3,4,2,2,1,1,2,2,0,1,2,7,1,3,2,4,3,1,1,0,1,0,2,2,"Iowa"
"DAYRON.SHARPE","GARRISON.BROOKS","KERWIN.WALTON","PUFF.JOHNSON","RJ.DAVIS","North Carolina",0.65,1,3,1,1,1,100,300,-200,0,1,0,1,1,0,0,1.5,1.053,1.5,0,0,0,0,0,1,0,0,0,0,0,0,0,1,0,0,0,0,0,0,19.5,1,1,0,1,0,1,0,1,0,1,1,0,1,0,0,0,0,0,0,0,0,0,0,0,0,0,0,1,"Iowa"
"ANDREW.PLATEK","ARMANDO.BACOT","CALEB.LOVE","DAYRON.SHARPE","KERWIN.WALTON","North Carolina",1.983,8,0,4,4,4,200,0,200,0.75,0,1,0,0,0,1,0,1,0,0.5,0,0,0,0.5,0,0.5,0,0,1,0,0,1,0,0,0.75,0,0,0,1,14.875,1,0.25,4,1,3,0,2,0,2,0,0,0,0,0,2,0,1,0,0,0,1,1,0,0,0,3,3,0,"N.C. Central"
"ANDREW.PLATEK","ARMANDO.BACOT","CALEB.LOVE","DAYRON.SHARPE","RJ.DAVIS","North Carolina",3.167,9,0,7,5,6,150,0,150,0.667,0,0,0,1,0,0.667,0,0.695,0,0.667,0,1,0,0.167,0.4,0.5,0,0.333,0.6,0.167,0,0.5,0,0.143,0,0,0,0.5,1,15.833,1,1,6,5,4,0,1,2,0,0,1,0,1,0,3,0,2,0,1,0,5,1,0,0,1,0,2,0,"N.C. Central"
"ANDREW.PLATEK","ARMANDO.BACOT","CALEB.LOVE","GARRISON.BROOKS","LEAKY.BLACK","North Carolina",0.217,0,3,0,1,0.5,0,600,-600,0,1,0,1,0,0,0,1.5,0,1.5,0,0,0,0,0,1,0,0,0,0,0,0,0,1,0,0,0,0,0,0,13,0,1,0,1,0,1,0,1,0,1,0,0,0,0,0,0,0,0,0,0,0,0,0,0,0,0,0,1,"N.C. Central"
"ANDREW.PLATEK","ARMANDO.BACOT","CALEB.LOVE","GARRISON.BROOKS","RJ.DAVIS","North Carolina",0,0,0,0,0,0,0,0,0,0,0,0,0,0,0,0,0,0,0,0,0,0,0,0,0,0,0,0,0,0,0,0,0,0,0,0,0,0,0,0,0,0,0,0,0,0,0,0,0,0,0,0,0,0,0,0,0,0,0,0,0,0,0,0,0,0,0,0,"N.C. Central"
"ANDREW.PLATEK","ARMANDO.BACOT","CALEB.LOVE","LEAKY.BLACK","WALKER.KESSLER","North Carolina",0,0,0,0,0,0,0,0,0,0,0,0,0,0,0,0,0,0,0,0,0,0,0,0,0,0,0,0,0,0,0,0,0,0,0,0,0,0,0,0,0,0,0,0,0,0,0,0,0,0,0,0,0,0,0,0,0,0,0,0,0,0,0,0,0,0,0,0,"N.C. Central"
"ANDREW.PLATEK","ARMANDO.BACOT","DAYRON.SHARPE","GARRISON.BROOKS","RJ.DAVIS","North Carolina",0,0,0,0,0,0,0,0,0,0,0,0,0,0,0,0,0,0,0,0,0,0,0,0,0,0,0,0,0,0,0,0,0,0,0,0,0,0,0,0,0,0,0,0,0,0,0,0,0,0,0,0,0,0,0,0,0,0,0,0,0,0,0,0,0,0,0,0,"N.C. Central"
"ANDREW.PLATEK","ARMANDO.BACOT","DAYRON.SHARPE","KERWIN.WALTON","RJ.DAVIS","North Carolina",2.817,2,7,5,5,5,40,140,-100,0.2,0.6,0,0.5,0,0,0.2,0.7,0.2,0.7,0.5,1,0,0.5,0.4,0.4,0.4,0.2,0.2,0.4,0,0,0,0.333,0,0,0.2,0,0,1,16.9,1,1,5,5,1,3,2,2,0,1,0,0,0,0,2,1,1,1,0,0,2,3,1,0,0,0,0,1,"N.C. Central"
"ANDREW.PLATEK","ARMANDO.BACOT","GARRISON.BROOKS","KERWIN.WALTON","RJ.DAVIS","North Carolina",0.117,0,0,0,0,0,0,0,0,0,0,0,0,0,0,0,0,0,0,0,0,0,0,0,0,0,0,0,0,0,0,0,0,0,0,0,0,0,0,0,0,0,0,0,0,0,0,0,0,0,0,0,0,0,0,0,0,0,0,0,0,0,0,0,0,0,0,0,"N.C. Central"
"ANDREW.PLATEK","ARMANDO.BACOT","GARRISON.BROOKS","LEAKY.BLACK","RJ.DAVIS","North Carolina",1.15,0,0,2,3,2.5,0,0,0,0,0,0,0,0,0,0,0,0,0,0,0,0,0,0,1,0,0,1,0,0,0,0,0,0.5,0,0,0,0,1,13.8,0.5,1,1,3,0,0,0,3,0,0,0,0,0,0,0,0,0,0,0,0,3,1,0,0,1,0,0,0,"N.C. Central"
"ANDREW.PLATEK","CALEB.LOVE","DAYRON.SHARPE","GARRISON.BROOKS","KERWIN.WALTON","North Carolina",1.783,4,2,2,2,2,200,100,100,0.667,0,0,0,0,1,0.667,0,0.667,0.513,1,0,0,0,0.333,0,0.667,1,0,0,0,2,0.5,0,0,0,0,0,1,1,26.75,1.5,1,3,1,2,0,1,0,0,0,0,2,0,2,2,1,2,0,1,0,1,0,0,0,0,0,1,0,"N.C. Central"
"ANDREW.PLATEK","CALEB.LOVE","DAYRON.SHARPE","RJ.DAVIS","WALKER.KESSLER","North Carolina",1.733,0,0,2,3,2.5,0,0,0,0,0,0,0,0,0,0,0,0,0,0,0,0,0,0.5,0,0,0.5,0.5,0.5,0,0,0,0,0.5,1,1,0.5,0.5,0.5,20.8,1,0.667,2,2,0,0,1,0,0,0,0,0,0,0,0,1,0,0,1,1,1,1,2,1,1,2,0,0,"N.C. Central"
"ANDREW.PLATEK","CALEB.LOVE","LEAKY.BLACK","RJ.DAVIS","WALKER.KESSLER","North Carolina",0,0,0,0,0,0,0,0,0,0,0,0,0,0,0,0,0,0,0,0,0,0,0,0,0,0,0,0,0,0,0,0,0,0,0,0,0,0,0,0,0,0,0,0,0,0,0,0,0,0,0,0,0,0,0,0,0,0,0,0,0,0,0,0,0,0,0,0,"N.C. Central"
"ANDREW.PLATEK","DAYRON.SHARPE","KERWIN.WALTON","RJ.DAVIS","WALKER.KESSLER","North Carolina",1.45,3,5,4,2,3,100,166.667,-66.667,0.5,1,0,1,1,0,0.5,1.25,0.606,1.25,1,1,0,0,0.5,0.5,0.5,0.5,0,0,0.5,0,1,0,0.25,0,0,0,0,0,14.5,0.75,1,2,2,1,2,1,1,0,1,1,0,1,0,1,1,1,1,0,0,0,0,0,0,1,0,1,0,"N.C. Central"
"ANDREW.PLATEK","DAYRON.SHARPE","LEAKY.BLACK","RJ.DAVIS","WALKER.KESSLER","North Carolina",0,0,0,0,0,0,0,0,0,0,0,0,0,0,0,0,0,0,0,0,0,0,0,0,0,0,0,0,0,0,0,0,0,0,0,0,0,0,0,0,0,0,0,0,0,0,0,0,0,0,0,0,0,0,0,0,0,0,0,0,0,0,0,0,0,0,0,0,"N.C. Central"
"ANDREW.PLATEK","DAYRON.SHARPE","PUFF.JOHNSON","RJ.DAVIS","WALKER.KESSLER","North Carolina",0,0,0,0,0,0,0,0,0,0,0,0,0,0,0,0,0,0,0,0,0,0,0,0,0,0,0,0,0,0,0,0,0,0,0,0,0,0,0,0,0,0,0,0,0,0,0,0,0,0,0,0,0,0,0,0,0,0,0,0,0,0,0,0,0,0,0,0,"N.C. Central"
"ARMANDO.BACOT","CALEB.LOVE","DAYRON.SHARPE","LEAKY.BLACK","RJ.DAVIS","North Carolina",1.05,3,2,2,2,2,150,100,50,0,0.5,0,0,1,0,0,0.5,0.619,0.5,0,1,0,0,1,0,0,0.5,0,0.5,3,0,0,1,0,0,0,0,1,1,15.75,1.5,1,1,2,0,1,1,0,0,0,3,0,3,0,0,1,0,1,1,0,1,0,0,0,0,0,0,1,"N.C. Central"
"ARMANDO.BACOT","CALEB.LOVE","GARRISON.BROOKS","LEAKY.BLACK","PUFF.JOHNSON","North Carolina",1.5,3,2,2,2,2,150,100,50,0.5,0.5,0,0,0.5,0,0.5,0.5,0.508,0.5,1,1,0,0,0.5,0.5,0.5,0.5,0,0,1,0,0,0,0,0,0,0,1,1,22.5,1.5,1,2,2,1,1,1,1,0,0,2,0,1,0,1,1,1,1,1,0,1,0,0,0,0,0,0,0,"N.C. Central"
"ARMANDO.BACOT","CALEB.LOVE","GARRISON.BROOKS","LEAKY.BLACK","RJ.DAVIS","North Carolina",15.233,25,27,27,26,26.5,94.34,101.887,-7.547,0.412,0.579,0,0.6,0.688,1,0.412,0.658,0.508,0.677,0.8,0.8,0.375,0.444,0.235,0.263,0.294,0.263,0.471,0.474,0.941,0.105,0.429,0.727,0.259,0.37,0.053,0,0.333,0.5,17.245,0.926,0.769,17,19,7,11,4,5,0,3,16,2,11,2,5,5,4,4,5,4,4,10,1,0,7,10,3,8,"N.C. Central"
"ARMANDO.BACOT","CALEB.LOVE","GARRISON.BROOKS","PUFF.JOHNSON","RJ.DAVIS","North Carolina",0,0,0,0,0,0,0,0,0,0,0,0,0,0,0,0,0,0,0,0,0,0,0,0,0,0,0,0,0,0,0,0,0,0,0,0,0,0,0,0,0,0,0,0,0,0,0,0,0,0,0,0,0,0,0,0,0,0,0,0,0,0,0,0,0,0,0,0,"N.C. Central"
"CALEB.LOVE","DAYRON.SHARPE","GARRISON.BROOKS","KERWIN.WALTON","RJ.DAVIS","North Carolina",0,0,0,0,0,0,0,0,0,0,0,0,0,0,0,0,0,0,0,0,0,0,0,0,0,0,0,0,0,0,0,0,0,0,0,0,0,0,0,0,0,0,0,0,0,0,0,0,0,0,0,0,0,0,0,0,0,0,0,0,0,0,0,0,0,0,0,0,"N.C. Central"
"CALEB.LOVE","DAYRON.SHARPE","GARRISON.BROOKS","LEAKY.BLACK","RJ.DAVIS","North Carolina",2.75,7,6,6,5,5.5,127.273,109.091,18.182,0.75,0.5,0,0,1,0,0.75,0.5,0.782,0.5,1,0.667,0,0.333,0,0,0.75,0.5,0.25,0.5,0.25,0,0.667,0.333,0.167,0,0,0,0,0.667,15,0.833,1.2,4,6,3,3,0,0,0,0,1,0,1,0,3,3,3,2,0,1,2,1,0,0,1,0,2,1,"N.C. Central"
"CALEB.LOVE","DAYRON.SHARPE","GARRISON.BROOKS","PUFF.JOHNSON","RJ.DAVIS","North Carolina",0.567,1,3,1,1,1,100,300,-200,0,1,0,1,1,0,0,1.5,0.339,1.5,0,0,0,0,0,1,0,0,1,0,1,0,0,0,0,0,0,0,1,0,17,2,1,1,1,0,1,0,1,0,1,1,0,1,0,0,0,0,0,1,0,0,0,0,0,0,0,0,0,"N.C. Central"
"CALEB.LOVE","DAYRON.SHARPE","KERWIN.WALTON","PUFF.JOHNSON","WALKER.KESSLER","North Carolina",1.4,1,2,3,3,3,33.333,66.667,-33.333,0,0.333,0,0,1,0,0,0.333,1.053,0.333,0,0.5,0,0,0,0,0,0.667,0,0.333,0,0,0,0,0.667,0,0.667,0,0,1,14,0.333,1,0,3,0,1,0,0,0,0,1,0,1,0,0,2,0,1,0,0,2,0,2,0,2,0,0,0,"N.C. Central"
"CALEB.LOVE","DAYRON.SHARPE","LEAKY.BLACK","PUFF.JOHNSON","WALKER.KESSLER","North Carolina",0.2,0,0,1,0,0.5,0,0,0,0,0,0,0,0,0,0,0,0,0,0,0,0,0,0,0,0,0,0,0,0,0,0,0,1,0,0,0,0,0,12,0,0,0,0,0,0,0,0,0,0,0,0,0,0,0,0,0,0,0,0,0,0,0,0,1,0,0,0,"N.C. Central"
"CALEB.LOVE","DAYRON.SHARPE","PUFF.JOHNSON","RJ.DAVIS","WALKER.KESSLER","North Carolina",0,1,0,1,0,0.5,200,0,200,0,0,0,0,1,0,0,0,1.053,0,0,0,0,0,0,0,0,0,0,0,0,0,0,0,0,0,0,0,0,0,0,1,0,0,0,0,0,0,0,0,0,1,0,1,0,0,0,0,0,0,0,0,0,0,0,0,0,0,0,"N.C. Central"
"CALEB.LOVE","GARRISON.BROOKS","LEAKY.BLACK","PUFF.JOHNSON","WALKER.KESSLER","North Carolina",0,0,0,0,0,0,0,0,0,0,0,0,0,0,0,0,0,0,0,0,0,0,0,0,0,0,0,0,0,0,0,0,0,0,0,0,0,0,0,0,0,0,0,0,0,0,0,0,0,0,0,0,0,0,0,0,0,0,0,0,0,0,0,0,0,0,0,0,"N.C. Central"
"DAYRON.SHARPE","KERWIN.WALTON","PUFF.JOHNSON","RJ.DAVIS","WALKER.KESSLER","North Carolina",1.617,3,6,5,4,4.5,66.667,133.333,-66.667,0.5,0.5,0,1,1,0.75,0.5,0.75,0.606,0.769,1,0,0,0,0.5,0.5,0.5,0,0,0.5,0.5,2,1,1,0.4,0,0,0,0,1,10.778,0.6,1,2,2,1,1,1,1,0,1,1,4,1,3,1,0,1,0,0,0,1,1,0,0,2,0,1,1,"N.C. Central"
"DAYRON.SHARPE","LEAKY.BLACK","PUFF.JOHNSON","RJ.DAVIS","WALKER.KESSLER","North Carolina",1.133,3,2,3,3,3,100,66.667,33.333,0,0.333,0,0,1,0,0,0.333,1.053,0.333,0,1,0,0,0,0.667,0,0.333,0,0,0,0,0,1,0.333,0,0,0,0,1,11.333,0.667,1,0,3,0,1,0,2,0,0,3,0,3,0,0,1,0,1,0,0,2,0,0,0,1,0,0,1,"N.C. Central"
"ANDREW.PLATEK","ARMANDO.BACOT","CALEB.LOVE","DAYRON.SHARPE","KERWIN.WALTON","North Carolina",0,0,0,0,0,0,0,0,0,0,0,0,0,0,0,0,0,0,0,0,0,0,0,0,0,0,0,0,0,0,0,0,0,0,0,0,0,0,0,0,0,0,0,0,0,0,0,0,0,0,0,0,0,0,0,0,0,0,0,0,0,0,0,0,0,0,0,0,"Kentucky"
"ANDREW.PLATEK","ARMANDO.BACOT","CALEB.LOVE","DAYRON.SHARPE","LEAKY.BLACK","North Carolina",6.333,13,13,12,10,11,118.182,118.182,0,0.4,0.75,0,0,0.25,0.778,0.4,0.75,0.385,0.785,0.5,0.5,0.5,1,0.2,0,0.4,0.5,0.4,0.5,0.267,2.25,0.5,0.333,0.083,0.083,0.25,0.067,0.545,1,17.273,1.417,0.9,15,4,6,3,3,0,0,0,4,9,1,7,6,2,3,1,6,0,3,5,1,1,1,1,3,1,"Kentucky"
"ANDREW.PLATEK","ARMANDO.BACOT","CALEB.LOVE","DAYRON.SHARPE","PUFF.JOHNSON","North Carolina",0.933,0,2,1,1,1,0,200,-200,0,0.333,0,0,0,0,0,0.333,0,0.333,0,0,0,1,1,0,0,0.667,0,0.333,0,0,0,0,0,0,0.333,0,0,0.333,28,1,3,1,3,0,1,1,0,0,0,0,0,0,0,0,2,0,0,0,2,1,1,1,0,0,0,0,0,"Kentucky"
"ANDREW.PLATEK","ARMANDO.BACOT","CALEB.LOVE","GARRISON.BROOKS","KERWIN.WALTON","North Carolina",0.267,2,0,1,1,1,200,0,200,1,0,0,0,0,0,1,0,1,0,1,0,0,0,0,0,1,0,0,0,0,0,0,0,0,1,0,0,0,0,8,1,0,1,0,1,0,0,0,0,0,0,0,0,0,1,0,1,0,0,0,0,0,0,0,0,1,0,0,"Kentucky"
"ANDREW.PLATEK","ARMANDO.BACOT","CALEB.LOVE","GARRISON.BROOKS","LEAKY.BLACK","North Carolina",1.55,4,1,4,3,3.5,114.286,28.571,85.714,0.333,0,0,0,0.667,0.5,0.333,0,0.452,0.256,1,0,0,0,0,0,0.333,0,0.667,1,1,2,0,0,0,0.25,0,0.333,0.333,1,13.286,1.25,0.667,3,1,1,0,0,0,0,0,3,2,2,1,1,0,1,0,1,0,1,2,0,1,0,1,0,0,"Kentucky"
"ANDREW.PLATEK","ARMANDO.BACOT","CALEB.LOVE","KERWIN.WALTON","LEAKY.BLACK","North Carolina",0,1,0,1,0,0.5,200,0,200,0,0,0,0,1,0,0,0,1.053,0,0,0,0,0,0,0,0,0,0,0,0,0,0,0,0,0,0,0,0,0,0,1,0,0,0,0,0,0,0,0,0,1,0,1,0,0,0,0,0,0,0,0,0,0,0,0,0,0,0,"Kentucky"
"ANDREW.PLATEK","ARMANDO.BACOT","DAYRON.SHARPE","PUFF.JOHNSON","RJ.DAVIS","North Carolina",0,0,0,0,0,0,0,0,0,0,0,0,0,0,0,0,0,0,0,0,0,0,0,0,0,0,0,0,0,0,0,0,0,0,0,0,0,0,0,0,0,0,0,0,0,0,0,0,0,0,0,0,0,0,0,0,0,0,0,0,0,0,0,0,0,0,0,0,"Kentucky"
"ANDREW.PLATEK","ARMANDO.BACOT","GARRISON.BROOKS","KERWIN.WALTON","RJ.DAVIS","North Carolina",0,0,0,0,0,0,0,0,0,0,0,0,0,0,0,0,0,0,0,0,0,0,0,0,0,0,0,0,0,0,0,0,0,0,0,0,0,0,0,0,0,0,0,0,0,0,0,0,0,0,0,0,0,0,0,0,0,0,0,0,0,0,0,0,0,0,0,0,"Kentucky"
"ANDREW.PLATEK","ARMANDO.BACOT","GARRISON.BROOKS","LEAKY.BLACK","RJ.DAVIS","North Carolina",3.55,7,4,6,5,5.5,127.273,72.727,54.545,0.333,0.4,0,0,0.5,0,0.333,0.4,0.395,0.336,1,1,0.5,0,0.5,0,0.167,0.4,0.333,0.6,1,0.4,0.5,0,0,0.167,0,0,0.5,0.5,19.364,1.5,1.2,6,5,2,2,3,0,0,0,6,2,3,0,1,2,1,2,3,2,2,3,0,0,0,1,1,0,"Kentucky"
"ANDREW.PLATEK","CALEB.LOVE","DAYRON.SHARPE","GARRISON.BROOKS","KERWIN.WALTON","North Carolina",1.467,7,2,3,3,3,233.333,66.667,166.667,1,0.333,1,0,0,0,1.167,0.333,1.167,0.333,0,0,1,0.5,0.333,0.333,0,0,0.667,0.667,0,0,0.333,0,0,0,0.333,0,0,1,14.667,1,1,3,3,3,1,1,1,1,0,0,0,0,0,0,0,0,0,0,0,2,0,1,0,0,0,1,0,"Kentucky"
"ANDREW.PLATEK","CALEB.LOVE","DAYRON.SHARPE","GARRISON.BROOKS","LEAKY.BLACK","North Carolina",3.583,5,5,6,8,7,71.429,71.429,0,0.4,0.2,0.5,0,0,0.6,0.5,0.2,0.5,0.339,0.5,1,0,0,0.4,0.4,0.4,0.2,0.2,0.4,0,1,1,1,0.167,0.333,0,0.2,0,0.5,15.357,0.833,1,5,5,2,1,2,2,1,0,0,5,0,3,2,1,1,1,0,2,2,3,0,1,1,2,2,1,"Kentucky"
"ANDREW.PLATEK","CALEB.LOVE","DAYRON.SHARPE","KERWIN.WALTON","WALKER.KESSLER","North Carolina",2.267,2,2,4,5,4.5,44.444,44.444,0,0.333,0,0,0,0,0.5,0.333,0,0.333,0.169,1,0,0,0,0.333,0.25,0.333,0.25,0.333,0.5,0,1,0,0,0.25,0.25,0,0,0,0.5,15.111,0.75,1.2,3,4,1,0,1,1,0,0,0,4,0,2,1,1,1,0,0,2,2,2,0,0,1,1,0,0,"Kentucky"
"ANDREW.PLATEK","CALEB.LOVE","GARRISON.BROOKS","KERWIN.WALTON","LEAKY.BLACK","North Carolina",1.783,5,3,6,5,5.5,90.909,54.545,36.364,0,0.333,0,0,1,0.5,0,0.333,0.741,0.38,0,0,0,1,0,0.333,0,0.333,1,0.333,5,0.667,0,0,0.333,0.333,0,1,0,0.5,9.727,0.667,0.8,1,3,0,1,0,1,0,0,5,2,5,1,0,1,0,0,0,1,1,0,0,1,2,2,0,0,"Kentucky"
"ANDREW.PLATEK","CALEB.LOVE","GARRISON.BROOKS","KERWIN.WALTON","WALKER.KESSLER","North Carolina",0,0,0,0,0,0,0,0,0,0,0,0,0,0,0,0,0,0,0,0,0,0,0,0,0,0,0,0,0,0,0,0,0,0,0,0,0,0,0,0,0,0,0,0,0,0,0,0,0,0,0,0,0,0,0,0,0,0,0,0,0,0,0,0,0,0,0,0,"Kentucky"
"ANDREW.PLATEK","CALEB.LOVE","KERWIN.WALTON","PUFF.JOHNSON","WALKER.KESSLER","North Carolina",0,1,0,1,0,0.5,200,0,200,0,0,0,0,1,0,0,0,1.053,0,0,0,0,0,0,0,0,0,0,0,0,0,0,0,0,0,0,0,0,0,0,1,0,0,0,0,0,0,0,0,0,1,0,1,0,0,0,0,0,0,0,0,0,0,0,0,0,0,0,"Kentucky"
"ANDREW.PLATEK","DAYRON.SHARPE","GARRISON.BROOKS","KERWIN.WALTON","RJ.DAVIS","North Carolina",0,0,0,0,0,0,0,0,0,0,0,0,0,0,0,0,0,0,0,0,0,0,0,0,0,0,0,0,0,0,0,0,0,0,0,0,0,0,0,0,0,0,0,0,0,0,0,0,0,0,0,0,0,0,0,0,0,0,0,0,0,0,0,0,0,0,0,0,"Kentucky"
"ANDREW.PLATEK","DAYRON.SHARPE","GARRISON.BROOKS","LEAKY.BLACK","RJ.DAVIS","North Carolina",1.95,2,6,5,4,4.5,44.444,133.333,-88.889,0.333,0.667,0,0.667,0,0,0.333,1,0.288,1,0.5,0,0,0,0.333,1,0.667,0,0,0,0.333,0,0,1,0.4,0.2,0,0,0.333,1,13,0.8,0.75,3,3,1,2,1,3,0,2,1,0,0,0,2,0,1,0,1,0,1,2,0,0,2,1,0,2,"Kentucky"
"ANDREW.PLATEK","KERWIN.WALTON","PUFF.JOHNSON","RYAN.MCADOO","WALKER.KESSLER","North Carolina",0,0,0,0,0,0,0,0,0,0,0,0,0,0,0,0,0,0,0,0,0,0,0,0,0,0,0,0,0,0,0,0,0,0,0,0,0,0,0,0,0,0,0,0,0,0,0,0,0,0,0,0,0,0,0,0,0,0,0,0,0,0,0,0,0,0,0,0,"Kentucky"
"ARMANDO.BACOT","CALEB.LOVE","DAYRON.SHARPE","GARRISON.BROOKS","LEAKY.BLACK","North Carolina",0,0,0,0,0,0,0,0,0,0,0,0,0,0,0,0,0,0,0,0,0,0,0,0,0,0,0,0,0,0,0,0,0,0,0,0,0,0,0,0,0,0,0,0,0,0,0,0,0,0,0,0,0,0,0,0,0,0,0,0,0,0,0,0,0,0,0,0,"Kentucky"
"ARMANDO.BACOT","CALEB.LOVE","DAYRON.SHARPE","KERWIN.WALTON","LEAKY.BLACK","North Carolina",0,1,0,1,0,0.5,200,0,200,0,0,0,0,1,0,0,0,1.053,0,0,0,0,0,0,0,0,0,0,0,0,0,0,0,0,0,0,0,0,0,0,1,0,0,0,0,0,0,0,0,0,1,0,1,0,0,0,0,0,0,0,0,0,0,0,0,0,0,0,"Kentucky"
"ARMANDO.BACOT","CALEB.LOVE","DAYRON.SHARPE","KERWIN.WALTON","RJ.DAVIS","North Carolina",0,0,0,0,0,0,0,0,0,0,0,0,0,0,0,0,0,0,0,0,0,0,0,0,0,0,0,0,0,0,0,0,0,0,0,0,0,0,0,0,0,0,0,0,0,0,0,0,0,0,0,0,0,0,0,0,0,0,0,0,0,0,0,0,0,0,0,0,"Kentucky"
"ARMANDO.BACOT","CALEB.LOVE","DAYRON.SHARPE","LEAKY.BLACK","RJ.DAVIS","North Carolina",2.417,5,2,3,4,3.5,142.857,57.143,85.714,0.667,0.25,0.5,0,0,0,0.833,0.25,0.833,0.25,1,0,0,0.333,0.667,0.25,0.333,0,0,0.75,0,0,0.5,0,0,0.333,0,0,0,0.667,20.714,1,1,3,4,2,1,2,1,1,0,0,0,0,0,1,0,1,0,0,1,2,1,0,0,0,1,1,0,"Kentucky"
"ARMANDO.BACOT","CALEB.LOVE","GARRISON.BROOKS","KERWIN.WALTON","LEAKY.BLACK","North Carolina",4.45,11,6,8,9,8.5,129.412,70.588,58.824,0.5,0.5,1,0,0.75,0.667,0.667,0.5,0.696,0.553,1,1,0,0.333,0.333,0,0.167,0.25,0.5,0.75,0.667,0.75,1,0.5,0.25,0.375,0,0,0.5,1,15.706,1,0.667,6,4,3,2,2,0,2,0,4,3,3,2,1,1,1,1,2,0,3,2,0,0,2,3,3,1,"Kentucky"
"ARMANDO.BACOT","CALEB.LOVE","GARRISON.BROOKS","LEAKY.BLACK","RJ.DAVIS","North Carolina",5.05,6,11,7,6,6.5,92.308,169.231,-76.923,0.375,0.833,0,0.5,0,0,0.375,0.917,0.375,0.917,1,1,0.333,1,0.375,0.333,0.25,0.5,0.375,0.167,0,0,1,0.6,0.143,0.143,0,0,0.4,0,23.308,1.143,1,8,6,3,5,3,2,0,1,0,0,0,0,2,3,2,3,2,1,0,3,0,0,1,1,3,3,"Kentucky"
"ARMANDO.BACOT","DAYRON.SHARPE","KERWIN.WALTON","PUFF.JOHNSON","RJ.DAVIS","North Carolina",1.5,0,4,3,4,3.5,0,114.286,-114.286,0,0.5,0,0,0,0,0,0.5,0,0.447,0,0,0,0.5,0,0,0,0,1,1,1,0.25,0,0,0.333,0,0,0,0,0.5,12.857,0.667,1.25,1,4,0,2,0,0,0,0,1,1,0,0,0,0,0,0,0,1,1,2,0,0,1,0,0,0,"Kentucky"
"ARMANDO.BACOT","GARRISON.BROOKS","KERWIN.WALTON","LEAKY.BLACK","PUFF.JOHNSON","North Carolina",0.983,3,0,2,1,1.5,200,0,200,1,0,0,0,0.5,0,1,0,0.769,0,0,0,1,0,0,0,0,0,1,1,2,0,0,0,0,0,0,0,0,1,19.667,1,1,1,1,1,0,0,0,0,0,2,0,1,0,0,0,0,0,0,0,1,1,0,0,0,0,0,0,"Kentucky"
"ARMANDO.BACOT","GARRISON.BROOKS","KERWIN.WALTON","LEAKY.BLACK","RJ.DAVIS","North Carolina",0,0,0,0,0,0,0,0,0,0,0,0,0,0,0,0,0,0,0,0,0,0,0,0,0,0,0,0,0,0,0,0,0,0,0,0,0,0,0,0,0,0,0,0,0,0,0,0,0,0,0,0,0,0,0,0,0,0,0,0,0,0,0,0,0,0,0,0,"Kentucky"
"ARMANDO.BACOT","GARRISON.BROOKS","KERWIN.WALTON","PUFF.JOHNSON","RJ.DAVIS","North Carolina",1.7,0,2,1,2,1.5,0,133.333,-133.333,0,0,0,0,0,1,0,0,0,0.339,0,0,0,0,1,0.5,0,0,0,0.5,0,1,0,0,0,1,0,0,0,0,34,1,1.5,1,2,0,0,1,1,0,0,0,2,0,2,0,0,0,0,0,2,0,1,0,0,0,1,0,0,"Kentucky"
"CALEB.LOVE","DAYRON.SHARPE","GARRISON.BROOKS","LEAKY.BLACK","RJ.DAVIS","North Carolina",0,0,0,0,0,0,0,0,0,0,0,0,0,0,0,0,0,0,0,0,0,0,0,0,0,0,0,0,0,0,0,0,0,0,0,0,0,0,0,0,0,0,0,0,0,0,0,0,0,0,0,0,0,0,0,0,0,0,0,0,0,0,0,0,0,0,0,0,"Kentucky"
"CREIGHTON.LEBO","KJ.SMITH","PUFF.JOHNSON","RYAN.MCADOO","WALKER.KESSLER","North Carolina",0.217,0,0,0,1,0.5,0,0,0,0,0,0,0,0,0,0,0,0,0,0,0,0,0,0,1,0,0,0,0,0,0,0,0,0,0,0,0,0,1,13,0,1,0,1,0,0,0,1,0,0,0,0,0,0,0,0,0,0,0,0,1,0,0,0,0,0,0,0,"Kentucky"
"KERWIN.WALTON","KJ.SMITH","PUFF.JOHNSON","RYAN.MCADOO","WALKER.KESSLER","North Carolina",0,0,0,0,0,0,0,0,0,0,0,0,0,0,0,0,0,0,0,0,0,0,0,0,0,0,0,0,0,0,0,0,0,0,0,0,0,0,0,0,0,0,0,0,0,0,0,0,0,0,0,0,0,0,0,0,0,0,0,0,0,0,0,0,0,0,0,0,"Kentucky"
