"P1","P2","P3","P4","P5","Team","Mins","PTS","oPTS","POSS","oPOSS","ePOSS","ORTG","DRTG","NETRTG","FG.","oFG.","TPP","oTPP","FTP","oFTP","eFG.","oeFG.","TS.","oTS.","RIM.","oRIM.","MID.","oMID.","TPrate","oTPrate","RIMrate","oRIMrate","MIDrate","oMIDrate","FTrate","oFTrate","ASTrate","oASTrate","TOrate","oTOrate","BLKrate","oBLKrate","ORB.","DRB.","PACE","ShotsPerPoss","oShotsPerPoss","FGA","oFGA","FGM","oFGM","TPA","oTPA","TPM","oTPM","FTA","oFTA","FTM","oFTM","RIMA","oRIMA","RIMM","oRIMM","ORB","oORB","DRB","oDRB","BLK","oBLK","TO","oTO","AST","oAST"
"ANDREW.PLATEK","ANTHONY.HARRIS","ARMANDO.BACOT","CALEB.LOVE","DAYRON.SHARPE","North Carolina",1.35,2,2,2,2,2,100,100,0,1,0.5,0,0,0,0,1,0.5,1,0.5,0,0,1,0.5,0,0,0,0,1,1,0,0,1,0,0.5,0,0,0,0,1,20.25,0.5,1,1,2,1,1,0,0,0,0,0,0,0,0,0,0,0,0,0,0,1,0,0,0,1,0,1,0
"ANDREW.PLATEK","ANTHONY.HARRIS","ARMANDO.BACOT","CALEB.LOVE","GARRISON.BROOKS","North Carolina",1.983,3,6,3,4,3.5,85.714,171.429,-85.714,0.333,0.667,1,0,0,1,0.5,0.667,0.5,0.759,0,1,0,1,0.333,0.333,0.333,0.333,0.333,0.333,0,0.667,1,0,0,0.333,0,0,0,0,17,1,1,3,3,1,2,1,1,1,0,0,2,0,2,1,1,0,1,0,1,0,2,0,0,0,1,1,0
"ANDREW.PLATEK","ANTHONY.HARRIS","ARMANDO.BACOT","CALEB.LOVE","LEAKY.BLACK","North Carolina",0.233,0,2,0,1,0.5,0,400,-400,0,1,0,0,0,0,0,1,0,1,0,1,0,0,0,0,0,1,0,0,0,0,0,1,0,0,0,0,0,0,14,0,1,0,1,0,1,0,0,0,0,0,0,0,0,0,1,0,1,0,0,0,0,0,0,0,0,0,1
"ANDREW.PLATEK","ANTHONY.HARRIS","ARMANDO.BACOT","CALEB.LOVE","RJ.DAVIS","North Carolina",0,0,0,0,0,0,0,0,0,0,0,0,0,0,0,0,0,0,0,0,0,0,0,0,0,0,0,0,0,0,0,0,0,0,0,0,0,0,0,0,0,0,0,0,0,0,0,0,0,0,0,0,0,0,0,0,0,0,0,0,0,0,0,0,0,0,0,0
"ANDREW.PLATEK","ANTHONY.HARRIS","ARMANDO.BACOT","CALEB.LOVE","WALKER.KESSLER","North Carolina",0,0,0,0,0,0,0,0,0,0,0,0,0,0,0,0,0,0,0,0,0,0,0,0,0,0,0,0,0,0,0,0,0,0,0,0,0,0,0,0,0,0,0,0,0,0,0,0,0,0,0,0,0,0,0,0,0,0,0,0,0,0,0,0,0,0,0,0
"ANDREW.PLATEK","ANTHONY.HARRIS","ARMANDO.BACOT","DAYRON.SHARPE","LEAKY.BLACK","North Carolina",0,0,0,0,0,0,0,0,0,0,0,0,0,0,0,0,0,0,0,0,0,0,0,0,0,0,0,0,0,0,0,0,0,0,0,0,0,0,0,0,0,0,0,0,0,0,0,0,0,0,0,0,0,0,0,0,0,0,0,0,0,0,0,0,0,0,0,0
"ANDREW.PLATEK","ANTHONY.HARRIS","ARMANDO.BACOT","DAYRON.SHARPE","RJ.DAVIS","North Carolina",15.467,24,20,28,21,24.5,97.959,81.633,16.327,0.417,0.364,0.125,0.571,0.75,0,0.438,0.455,0.463,0.455,0.727,0.429,0.2,0.125,0.333,0.318,0.458,0.318,0.208,0.364,0.167,0,0.7,0.5,0.286,0.214,0.091,0.083,0.5,0.5,18.939,0.929,1.048,24,22,10,8,8,7,1,4,4,0,3,0,11,7,8,3,6,7,7,6,2,2,8,6,7,4
"ANDREW.PLATEK","ANTHONY.HARRIS","ARMANDO.BACOT","GARRISON.BROOKS","RJ.DAVIS","North Carolina",7.65,13,12,13,14,13.5,96.296,88.889,7.407,0.267,0.333,0.2,0.4,0.571,1,0.3,0.417,0.355,0.463,0.5,0.5,0.167,0,0.333,0.417,0.267,0.333,0.4,0.25,0.467,0.167,0.5,0.75,0.077,0.231,0.083,0.2,0.538,0.75,17,1.462,0.929,15,12,4,4,5,5,1,2,7,2,4,2,4,4,2,2,7,2,6,6,1,3,1,3,2,3
"ANDREW.PLATEK","ANTHONY.HARRIS","ARMANDO.BACOT","LEAKY.BLACK","RJ.DAVIS","North Carolina",1.65,4,3,3,4,3.5,114.286,85.714,28.571,0.5,0.25,1,0,1,0.5,0.75,0.25,0.808,0.303,0,1,0,0,0.5,0.75,0.5,0.25,0,0,0.5,0.5,0,0,0,0,0.25,0.5,0,0.667,14.143,1,1.25,2,4,1,1,1,3,1,0,1,2,1,1,1,1,0,1,0,1,2,1,1,1,0,0,0,0
"ANDREW.PLATEK","ANTHONY.HARRIS","ARMANDO.BACOT","LEAKY.BLACK","WALKER.KESSLER","North Carolina",0,0,0,0,0,0,0,0,0,0,0,0,0,0,0,0,0,0,0,0,0,0,0,0,0,0,0,0,0,0,0,0,0,0,0,0,0,0,0,0,0,0,0,0,0,0,0,0,0,0,0,0,0,0,0,0,0,0,0,0,0,0,0,0,0,0,0,0
"ANDREW.PLATEK","ANTHONY.HARRIS","ARMANDO.BACOT","RJ.DAVIS","WALKER.KESSLER","North Carolina",1.933,3,6,4,3,3.5,85.714,171.429,-85.714,0.5,0.5,0,1,0.5,0,0.5,0.75,0.508,0.75,0,0,1,0,0.5,0.5,0,0.5,0.5,0,1,0,0,1,0.75,0,0.5,0,1,0.5,16.571,0.75,1.333,2,4,1,2,1,2,0,2,2,0,1,0,0,2,0,0,2,1,1,0,2,0,3,0,0,2
"ANDREW.PLATEK","ANTHONY.HARRIS","CALEB.LOVE","DAYRON.SHARPE","GARRISON.BROOKS","North Carolina",1.7,7,12,5,6,5.5,127.273,218.182,-90.909,0.333,1,0,1,0.833,1,0.333,1.125,0.598,1.106,1,1,0,0,0.667,0.25,0.333,0.75,0,0,2,0.75,0,0.75,0,0,0,0,0.333,0,9.273,1.2,1,3,4,1,4,2,1,0,1,6,3,5,3,1,3,1,3,1,0,0,2,0,0,0,0,0,3
"ANDREW.PLATEK","ANTHONY.HARRIS","CALEB.LOVE","DAYRON.SHARPE","RJ.DAVIS","North Carolina",0,0,0,0,0,0,0,0,0,0,0,0,0,0,0,0,0,0,0,0,0,0,0,0,0,0,0,0,0,0,0,0,0,0,0,0,0,0,0,0,0,0,0,0,0,0,0,0,0,0,0,0,0,0,0,0,0,0,0,0,0,0,0,0,0,0,0,0
"ANDREW.PLATEK","ANTHONY.HARRIS","CALEB.LOVE","DAYRON.SHARPE","WALKER.KESSLER","North Carolina",0.367,0,0,1,1,1,0,0,0,0,0,0,0,0,0,0,0,0,0,0,0,0,0,1,1,0,0,0,0,0,0,0,0,0,0,0,0,0,1,11,1,1,1,1,0,0,1,1,0,0,0,0,0,0,0,0,0,0,0,0,1,0,0,0,0,0,0,0
"ANDREW.PLATEK","ANTHONY.HARRIS","CALEB.LOVE","GARRISON.BROOKS","KERWIN.WALTON","North Carolina",0,0,1,0,1,0.5,0,200,-200,0,0,0,0,0,1,0,0,0,1.053,0,0,0,0,0,0,0,0,0,0,0,0,0,0,0,0,0,0,0,0,0,0,1,0,0,0,0,0,0,0,0,0,1,0,1,0,0,0,0,0,0,0,0,0,0,0,0,0,0
"ANDREW.PLATEK","ANTHONY.HARRIS","CALEB.LOVE","GARRISON.BROOKS","LEAKY.BLACK","North Carolina",1.767,6,7,4,7,5.5,109.091,127.273,-18.182,1,0.5,0,0.25,1,0,1,0.583,1.034,0.541,1,1,0,0,0,0.667,1,0.333,0,0,4,0.167,0,0.667,0.25,0.5,0,0,0,0.333,9.636,0.75,1,1,6,1,3,0,4,0,1,4,1,4,0,1,2,1,2,0,2,1,0,0,0,1,2,0,2
"ANDREW.PLATEK","ANTHONY.HARRIS","CALEB.LOVE","GARRISON.BROOKS","RJ.DAVIS","North Carolina",0,0,0,0,0,0,0,0,0,0,0,0,0,0,0,0,0,0,0,0,0,0,0,0,0,0,0,0,0,0,0,0,0,0,0,0,0,0,0,0,0,0,0,0,0,0,0,0,0,0,0,0,0,0,0,0,0,0,0,0,0,0,0,0,0,0,0,0
"ANDREW.PLATEK","ANTHONY.HARRIS","CALEB.LOVE","GARRISON.BROOKS","WALKER.KESSLER","North Carolina",1.15,0,0,2,2,2,0,0,0,0,0,0,0,0,0,0,0,0,0,0,0,0,0,0,0.333,0,0.333,0,0.333,0,0,0,0,1,0,0,0,0,0.667,17.25,0,1.5,0,3,0,0,0,1,0,0,0,0,0,0,0,1,0,0,0,1,2,0,0,0,2,0,0,0
"ANDREW.PLATEK","ANTHONY.HARRIS","CALEB.LOVE","KERWIN.WALTON","LEAKY.BLACK","North Carolina",0.467,0,2,0,1,0.5,0,400,-400,0,1,0,0,0,0,0,1,0,1,0,1,0,0,0,0,0,1,0,0,0,0,0,0,0,0,0,0,0,0,28,0,1,0,1,0,1,0,0,0,0,0,0,0,0,0,1,0,1,0,0,0,0,0,0,0,0,0,0
"ANDREW.PLATEK","ANTHONY.HARRIS","CALEB.LOVE","LEAKY.BLACK","WALKER.KESSLER","North Carolina",0,1,0,1,0,0.5,200,0,200,0,0,0,0,1,0,0,0,1.053,0,0,0,0,0,0,0,0,0,0,0,0,0,0,0,0,0,0,0,0,0,0,1,0,0,0,0,0,0,0,0,0,1,0,1,0,0,0,0,0,0,0,0,0,0,0,0,0,0,0
"ANDREW.PLATEK","ANTHONY.HARRIS","CALEB.LOVE","RJ.DAVIS","WALKER.KESSLER","North Carolina",1,5,1,3,3,3,166.667,33.333,133.333,0.5,0,1,0,0,0.5,0.625,0,0.625,0.526,0.5,0,0,0,0.25,0,0.5,0,0.25,0,0,0,0.5,0,0,0.667,0,0,0.5,1,10,1.333,0.333,4,0,2,0,1,0,1,0,0,2,0,1,2,0,1,0,1,0,1,1,0,0,0,2,1,0
"ANDREW.PLATEK","ANTHONY.HARRIS","DAYRON.SHARPE","GARRISON.BROOKS","KERWIN.WALTON","North Carolina",0,0,0,0,0,0,0,0,0,0,0,0,0,0,0,0,0,0,0,0,0,0,0,0,0,0,0,0,0,0,0,0,0,0,0,0,0,0,0,0,0,0,0,0,0,0,0,0,0,0,0,0,0,0,0,0,0,0,0,0,0,0,0,0,0,0,0,0
"ANDREW.PLATEK","ANTHONY.HARRIS","DAYRON.SHARPE","GARRISON.BROOKS","RJ.DAVIS","North Carolina",12.167,17,15,20,22,21,80.952,71.429,9.524,0.375,0.238,0.5,0.167,0.444,0.667,0.406,0.262,0.419,0.314,0.364,0.4,0.333,0,0.125,0.286,0.688,0.476,0.188,0.238,0.562,0.286,0.667,0.4,0.15,0.2,0.095,0.125,0.333,0.647,17.381,1.05,1.091,16,21,6,5,2,6,1,1,9,6,4,4,11,10,4,4,4,6,11,8,2,2,3,4,4,2
"ANDREW.PLATEK","ANTHONY.HARRIS","DAYRON.SHARPE","KERWIN.WALTON","RJ.DAVIS","North Carolina",0,0,0,0,0,0,0,0,0,0,0,0,0,0,0,0,0,0,0,0,0,0,0,0,0,0,0,0,0,0,0,0,0,0,0,0,0,0,0,0,0,0,0,0,0,0,0,0,0,0,0,0,0,0,0,0,0,0,0,0,0,0,0,0,0,0,0,0
"ANDREW.PLATEK","ANTHONY.HARRIS","DAYRON.SHARPE","RJ.DAVIS","WALKER.KESSLER","North Carolina",15.333,32,31,26,26,26,123.077,119.231,3.846,0.522,0.526,0.4,0.5,0.75,0.8,0.565,0.711,0.597,0.725,0.615,0.667,0.4,0.5,0.217,0.737,0.565,0.158,0.217,0.105,0.348,0.263,0.583,0.9,0.231,0.192,0.105,0.043,0.538,0.909,17.692,1.038,0.846,23,19,12,10,5,14,2,7,8,5,6,4,13,3,8,2,7,1,10,6,2,1,6,5,7,9
"ANDREW.PLATEK","ANTHONY.HARRIS","DUWE.FARRIS","KJ.SMITH","RYAN.MCADOO","North Carolina",0,0,0,0,0,0,0,0,0,0,0,0,0,0,0,0,0,0,0,0,0,0,0,0,0,0,0,0,0,0,0,0,0,0,0,0,0,0,0,0,0,0,0,0,0,0,0,0,0,0,0,0,0,0,0,0,0,0,0,0,0,0,0,0,0,0,0,0
"ANDREW.PLATEK","ANTHONY.HARRIS","GARRISON.BROOKS","LEAKY.BLACK","RJ.DAVIS","North Carolina",0.117,0,0,0,1,0.5,0,0,0,0,0,0,0,0,0,0,0,0,0,0,0,0,0,0,0,0,0,0,0,0,0,0,0,0,0,0,0,0,0,7,0,0,0,0,0,0,0,0,0,0,0,0,0,0,0,0,0,0,0,0,0,0,0,0,0,1,0,0
"ANDREW.PLATEK","ANTHONY.HARRIS","GARRISON.BROOKS","RJ.DAVIS","WALKER.KESSLER","North Carolina",2.267,6,0,4,3,3.5,171.429,0,171.429,0.75,0,0,0,0,0,0.75,0,0.67,0,1,0,0.667,0,0,0,0.25,0,0.75,1,0.25,0,0.333,0,0,0.25,0,0,1,1,19.429,1.25,0.667,4,2,3,0,0,0,0,0,1,0,0,0,1,0,1,0,1,0,2,0,0,0,0,1,1,0
"ANDREW.PLATEK","ANTHONY.HARRIS","KJ.SMITH","RYAN.MCADOO","WALKER.KESSLER","North Carolina",0.967,6,0,3,2,2.5,240,0,240,1,0,0,0,1,0,1,0,1.017,0,1,0,0,0,0,0,1,0,0,1,1,0,0.5,0,0,0.333,0,0,0,1,11.6,1,0.5,2,1,2,0,0,0,0,0,2,0,2,0,2,0,2,0,0,0,1,0,0,0,0,1,1,0
"ANDREW.PLATEK","ANTHONY.HARRIS","LEAKY.BLACK","RJ.DAVIS","WALKER.KESSLER","North Carolina",0,1,0,1,0,0.5,200,0,200,0,0,0,0,1,0,0,0,1.053,0,0,0,0,0,0,0,0,0,0,0,0,0,0,0,0,0,0,0,0,0,0,1,0,0,0,0,0,0,0,0,0,1,0,1,0,0,0,0,0,0,0,0,0,0,0,0,0,0,0
"ANDREW.PLATEK","ANTHONY.HARRIS","RJ.DAVIS","RYAN.MCADOO","WALKER.KESSLER","North Carolina",0.383,0,0,0,1,0.5,0,0,0,0,0,0,0,0,0,0,0,0,0,0,0,0,0,0,0,0,0,0,1,0,0,0,0,0,0,0,0,0,0,23,0,1,0,1,0,0,0,0,0,0,0,0,0,0,0,0,0,0,0,0,0,0,0,0,0,0,0,0
"ANDREW.PLATEK","ANTHONY.HARRIS","RJ.DAVIS","WALKER.KESSLER","WALKER.MILLER","North Carolina",0,0,0,0,0,0,0,0,0,0,0,0,0,0,0,0,0,0,0,0,0,0,0,0,0,0,0,0,0,0,0,0,0,0,0,0,0,0,0,0,0,0,0,0,0,0,0,0,0,0,0,0,0,0,0,0,0,0,0,0,0,0,0,0,0,0,0,0
"ANDREW.PLATEK","ARMANDO.BACOT","CALEB.LOVE","DAYRON.SHARPE","GARRISON.BROOKS","North Carolina",0,0,0,0,0,0,0,0,0,0,0,0,0,0,0,0,0,0,0,0,0,0,0,0,0,0,0,0,0,0,0,0,0,0,0,0,0,0,0,0,0,0,0,0,0,0,0,0,0,0,0,0,0,0,0,0,0,0,0,0,0,0,0,0,0,0,0,0
"ANDREW.PLATEK","ARMANDO.BACOT","CALEB.LOVE","DAYRON.SHARPE","KERWIN.WALTON","North Carolina",4.6,15,3,11,9,10,150,30,120,0.625,0.2,0.667,0.333,1,0,0.75,0.3,0.796,0.3,0.667,0,0.5,0,0.375,0.6,0.375,0.2,0.25,0.2,0.375,0,1,1,0.091,0.455,0,0,0,0.75,13.8,0.909,0.556,8,5,5,1,3,3,2,1,3,0,3,0,3,1,2,0,0,1,3,3,0,0,1,5,5,1
"ANDREW.PLATEK","ARMANDO.BACOT","CALEB.LOVE","DAYRON.SHARPE","LEAKY.BLACK","North Carolina",8.667,20,16,17,12,14.5,137.931,110.345,27.586,0.368,0.667,0,0,0.667,0.8,0.368,0.667,0.43,0.744,0.444,0.5,0.429,1,0.158,0.167,0.474,0.333,0.368,0.5,0.474,1.667,0.429,0.25,0.059,0.059,0.167,0.105,0.571,1,17.931,1.412,0.917,19,6,7,4,3,1,0,0,9,10,6,8,9,2,4,1,8,0,5,6,1,2,1,1,3,1
"ANDREW.PLATEK","ARMANDO.BACOT","CALEB.LOVE","DAYRON.SHARPE","PUFF.JOHNSON","North Carolina",0.933,0,2,1,1,1,0,200,-200,0,0.333,0,0,0,0,0,0.333,0,0.333,0,0,0,1,1,0,0,0.667,0,0.333,0,0,0,0,0,0,0.333,0,0,0.333,28,1,3,1,3,0,1,1,0,0,0,0,0,0,0,0,2,0,0,0,2,1,1,1,0,0,0,0,0
"ANDREW.PLATEK","ARMANDO.BACOT","CALEB.LOVE","DAYRON.SHARPE","RJ.DAVIS","North Carolina",5.967,16,2,13,12,12.5,128,16,112,0.7,0,0.5,0,1,0.667,0.75,0,0.764,0.106,0.667,0,1,0,0.2,0.375,0.6,0,0.2,0.625,0.1,0.375,0.714,0,0.308,0.154,0.125,0.1,0.667,1,14.32,0.846,0.833,10,8,7,0,2,3,1,0,1,3,1,2,6,0,4,0,2,0,9,1,1,1,4,2,5,0
"ANDREW.PLATEK","ARMANDO.BACOT","CALEB.LOVE","GARRISON.BROOKS","KERWIN.WALTON","North Carolina",8.733,15,23,19,20,19.5,76.923,117.949,-41.026,0.462,0.643,0.333,0.5,0.667,1,0.5,0.714,0.52,0.746,0.429,0.714,0.667,0.667,0.231,0.286,0.538,0.5,0.231,0.214,0.231,0.214,0.333,0.444,0.368,0.263,0.071,0.077,0.429,0.8,13.436,0.789,0.8,13,14,6,9,3,4,1,2,3,3,2,3,7,7,3,5,3,1,4,4,1,1,7,5,2,4
"ANDREW.PLATEK","ARMANDO.BACOT","CALEB.LOVE","GARRISON.BROOKS","LEAKY.BLACK","North Carolina",17.45,34,28,31,33,32,106.25,87.5,18.75,0.48,0.357,0.286,0.333,0.8,0.571,0.52,0.429,0.571,0.447,0.9,0.444,0.125,0.286,0.28,0.429,0.4,0.321,0.32,0.25,0.4,0.25,0.417,0.5,0.161,0.194,0.071,0.08,0.25,0.722,16.359,0.968,0.97,25,28,12,10,7,12,2,4,10,7,8,4,10,9,9,4,4,5,13,12,2,2,5,6,5,5
"ANDREW.PLATEK","ARMANDO.BACOT","CALEB.LOVE","GARRISON.BROOKS","PUFF.JOHNSON","North Carolina",3.483,2,10,6,7,6.5,30.769,153.846,-123.077,0,0.5,0,0.5,1,0,0,0.625,0.144,0.625,0,1,0,0,0.333,0.5,0.167,0.25,0.5,0.25,0.333,0,0,0.5,0,0,0.125,0.167,0.167,0.75,16.077,1.167,1.143,6,8,0,4,2,4,0,2,2,0,2,0,1,2,0,2,1,1,3,5,1,1,0,0,0,2
"ANDREW.PLATEK","ARMANDO.BACOT","CALEB.LOVE","GARRISON.BROOKS","RJ.DAVIS","North Carolina",7.8,23,8,14,10,12,191.667,66.667,125,0.818,0.3,0.5,0.2,1,1,0.909,0.35,0.926,0.382,1,1,1,0.25,0.364,0.5,0.545,0.1,0.091,0.4,0.273,0.1,0.778,0.667,0.143,0.214,0,0,0.333,0.556,19.5,0.929,1.1,11,10,9,3,4,5,2,1,3,1,3,1,6,1,6,1,1,4,5,2,0,0,2,3,7,2
"ANDREW.PLATEK","ARMANDO.BACOT","CALEB.LOVE","GARRISON.BROOKS","WALKER.KESSLER","North Carolina",0,0,0,0,0,0,0,0,0,0,0,0,0,0,0,0,0,0,0,0,0,0,0,0,0,0,0,0,0,0,0,0,0,0,0,0,0,0,0,0,0,0,0,0,0,0,0,0,0,0,0,0,0,0,0,0,0,0,0,0,0,0,0,0,0,0,0,0
"ANDREW.PLATEK","ARMANDO.BACOT","CALEB.LOVE","KERWIN.WALTON","LEAKY.BLACK","North Carolina",0.2,1,2,1,1,1,100,200,-100,0,0,0,0,1,1,0,0,1.053,1.053,0,0,0,0,0,0,0,0,0,0,0,0,0,0,0,0,0,0,0,0,6,1,1,0,0,0,0,0,0,0,0,1,2,1,2,0,0,0,0,0,0,0,0,0,0,0,0,0,0
"ANDREW.PLATEK","ARMANDO.BACOT","CALEB.LOVE","KERWIN.WALTON","WALKER.KESSLER","North Carolina",2.55,2,10,5,5,5,40,200,-160,0.2,0.8,0,0.667,0,0,0.2,1,0.2,1,1,1,0,0,0.4,0.6,0.2,0.4,0.4,0,0,0,0,0.5,0.4,0,0,0,0.5,1,15.3,1,1,5,5,1,4,2,3,0,2,0,0,0,0,1,2,1,2,2,0,1,2,0,0,2,0,0,2
"ANDREW.PLATEK","ARMANDO.BACOT","CALEB.LOVE","LEAKY.BLACK","PUFF.JOHNSON","North Carolina",2.4,4,2,4,4,4,100,50,50,0.5,0.333,0,0,0,0,0.5,0.333,0.5,0.333,0.333,0.5,1,0,0,0,0.75,0.667,0.25,0.333,0,0,0,1,0,0.25,0,0.25,0,1,18,1,0.75,4,3,2,1,0,0,0,0,0,0,0,0,3,2,1,1,0,0,2,2,0,1,0,1,0,1
"ANDREW.PLATEK","ARMANDO.BACOT","CALEB.LOVE","LEAKY.BLACK","RJ.DAVIS","North Carolina",0.367,2,2,1,2,1.5,133.333,133.333,0,0,1,0,0,1,0,0,1,1.053,0.678,0,1,0,0,0,0,0,1,0,0,0,1,0,0,0,0,0,0,0,1,7.333,1,1,0,1,0,1,0,0,0,0,2,1,2,0,0,1,0,1,0,0,1,0,0,0,0,0,0,0
"ANDREW.PLATEK","ARMANDO.BACOT","CALEB.LOVE","LEAKY.BLACK","WALKER.KESSLER","North Carolina",3.383,5,8,5,7,6,83.333,133.333,-50,0.5,0.333,0.333,0.5,0,0.833,0.625,0.5,0.625,0.684,1,0,0,0,0.75,0.667,0.25,0.333,0,0,0,2,0.5,1,0.4,0.2,0.333,0.25,0.5,1,16.917,0.8,0.857,4,3,2,1,3,2,1,1,0,6,0,5,1,1,1,0,1,0,3,1,1,1,2,1,1,1
"ANDREW.PLATEK","ARMANDO.BACOT","CALEB.LOVE","RJ.DAVIS","WALKER.KESSLER","North Carolina",0,0,0,0,0,0,0,0,0,0,0,0,0,0,0,0,0,0,0,0,0,0,0,0,0,0,0,0,0,0,0,0,0,0,0,0,0,0,0,0,0,0,0,0,0,0,0,0,0,0,0,0,0,0,0,0,0,0,0,0,0,0,0,0,0,0,0,0
"ANDREW.PLATEK","ARMANDO.BACOT","DAYRON.SHARPE","GARRISON.BROOKS","KERWIN.WALTON","North Carolina",0,0,0,0,0,0,0,0,0,0,0,0,0,0,0,0,0,0,0,0,0,0,0,0,0,0,0,0,0,0,0,0,0,0,0,0,0,0,0,0,0,0,0,0,0,0,0,0,0,0,0,0,0,0,0,0,0,0,0,0,0,0,0,0,0,0,0,0
"ANDREW.PLATEK","ARMANDO.BACOT","DAYRON.SHARPE","GARRISON.BROOKS","RJ.DAVIS","North Carolina",0,0,0,0,0,0,0,0,0,0,0,0,0,0,0,0,0,0,0,0,0,0,0,0,0,0,0,0,0,0,0,0,0,0,0,0,0,0,0,0,0,0,0,0,0,0,0,0,0,0,0,0,0,0,0,0,0,0,0,0,0,0,0,0,0,0,0,0
"ANDREW.PLATEK","ARMANDO.BACOT","DAYRON.SHARPE","KERWIN.WALTON","RJ.DAVIS","North Carolina",8.8,10,12,16,14,15,66.667,80,-13.333,0.333,0.455,0,0.333,0,0,0.333,0.545,0.333,0.545,0.714,1,0,0.5,0.2,0.545,0.467,0.091,0.333,0.364,0,0,0.4,0.2,0.25,0.188,0.091,0,0.375,1,17.6,0.938,0.786,15,11,5,5,3,6,0,2,0,0,0,0,7,1,5,1,3,0,6,5,1,0,4,3,2,1
"ANDREW.PLATEK","ARMANDO.BACOT","DAYRON.SHARPE","LEAKY.BLACK","RJ.DAVIS","North Carolina",9.467,16,26,17,16,16.5,96.97,157.576,-60.606,0.571,0.714,0,0.667,0,1,0.571,0.857,0.535,0.87,0.714,0.5,0.6,0.833,0.143,0.429,0.5,0.143,0.357,0.429,0.143,0.143,0.75,0.6,0.235,0.118,0,0.143,0.286,0.75,17.212,0.882,0.938,14,14,8,10,2,6,0,4,2,2,0,2,7,2,5,1,2,1,3,5,0,2,4,2,6,6
"ANDREW.PLATEK","ARMANDO.BACOT","DAYRON.SHARPE","LEAKY.BLACK","WALKER.MILLER","North Carolina",0,0,0,0,0,0,0,0,0,0,0,0,0,0,0,0,0,0,0,0,0,0,0,0,0,0,0,0,0,0,0,0,0,0,0,0,0,0,0,0,0,0,0,0,0,0,0,0,0,0,0,0,0,0,0,0,0,0,0,0,0,0,0,0,0,0,0,0
"ANDREW.PLATEK","ARMANDO.BACOT","DAYRON.SHARPE","RJ.DAVIS","WALKER.KESSLER","North Carolina",0,0,0,0,0,0,0,0,0,0,0,0,0,0,0,0,0,0,0,0,0,0,0,0,0,0,0,0,0,0,0,0,0,0,0,0,0,0,0,0,0,0,0,0,0,0,0,0,0,0,0,0,0,0,0,0,0,0,0,0,0,0,0,0,0,0,0,0
"ANDREW.PLATEK","ARMANDO.BACOT","GARRISON.BROOKS","KERWIN.WALTON","LEAKY.BLACK","North Carolina",1.35,1,2,2,3,2.5,40,80,-40,0,0.333,0,0,1,0,0,0.333,0.339,0.333,0,0,0,0.5,0,0.333,0,0,1,0.667,1,0,0,0,0,0,0,0,0,0,16.2,1,1,1,3,0,1,0,1,0,0,1,0,1,0,0,0,0,0,0,0,0,1,0,0,0,0,0,0
"ANDREW.PLATEK","ARMANDO.BACOT","GARRISON.BROOKS","KERWIN.WALTON","RJ.DAVIS","North Carolina",2.5,8,8,6,6,6,133.333,133.333,0,0.6,0.5,0.667,0.333,0,0.75,0.8,0.625,0.8,0.678,0,1,1,0,0.6,0.75,0.2,0.25,0.2,0,0,1,0.667,1,0.167,0,0,0,0,1,12.5,0.833,1,5,4,3,2,3,3,2,1,0,4,0,3,1,1,0,1,0,0,3,2,0,0,1,0,2,2
"ANDREW.PLATEK","ARMANDO.BACOT","GARRISON.BROOKS","LEAKY.BLACK","PUFF.JOHNSON","North Carolina",0,0,0,0,0,0,0,0,0,0,0,0,0,0,0,0,0,0,0,0,0,0,0,0,0,0,0,0,0,0,0,0,0,0,0,0,0,0,0,0,0,0,0,0,0,0,0,0,0,0,0,0,0,0,0,0,0,0,0,0,0,0,0,0,0,0,0,0
"ANDREW.PLATEK","ARMANDO.BACOT","GARRISON.BROOKS","LEAKY.BLACK","RJ.DAVIS","North Carolina",11.85,22,13,21,21,21,104.762,61.905,42.857,0.438,0.3,0.286,0.111,0.5,0,0.5,0.325,0.507,0.303,0.8,0.8,0.25,0.167,0.438,0.45,0.312,0.25,0.25,0.3,0.75,0.15,0.571,0.333,0.238,0.286,0.05,0.062,0.5,0.562,16.929,1.048,1.048,16,20,7,6,7,9,2,1,12,3,6,0,5,5,4,4,6,7,9,6,1,1,5,6,4,2
"ANDREW.PLATEK","ARMANDO.BACOT","GARRISON.BROOKS","PUFF.JOHNSON","RJ.DAVIS","North Carolina",4.55,9,2,7,6,6.5,138.462,30.769,107.692,0.444,0,0,0,0.333,0.667,0.444,0,0.432,0.156,0.667,0,0,0,0.222,0.2,0.667,0.4,0.111,0.4,0.333,0.6,0.5,0,0,0.143,0,0,0.667,0.667,21,1.571,1.167,9,5,4,0,2,1,0,0,3,3,1,2,6,2,4,0,4,2,4,2,0,0,0,1,2,0
"ANDREW.PLATEK","ARMANDO.BACOT","GARRISON.BROOKS","RJ.DAVIS","WALKER.KESSLER","North Carolina",0,0,0,0,0,0,0,0,0,0,0,0,0,0,0,0,0,0,0,0,0,0,0,0,0,0,0,0,0,0,0,0,0,0,0,0,0,0,0,0,0,0,0,0,0,0,0,0,0,0,0,0,0,0,0,0,0,0,0,0,0,0,0,0,0,0,0,0
"ANDREW.PLATEK","ARMANDO.BACOT","KERWIN.WALTON","LEAKY.BLACK","RJ.DAVIS","North Carolina",2.467,5,3,4,5,4.5,111.111,66.667,44.444,1,0.25,1,0,1,1,1.5,0.25,1.282,0.335,0,0,0,0.5,1,0.5,0,0,0,0.5,2,0.25,1,0,0.5,0.25,0,0,0,0.667,16.444,0.5,1,1,4,1,1,1,2,1,0,2,1,2,1,0,0,0,0,0,1,2,0,0,0,2,1,1,0
"ANDREW.PLATEK","ARMANDO.BACOT","KERWIN.WALTON","LEAKY.BLACK","WALKER.KESSLER","North Carolina",0,0,1,0,1,0.5,0,200,-200,0,0,0,0,0,1,0,0,0,1.053,0,0,0,0,0,0,0,0,0,0,0,0,0,0,0,0,0,0,0,0,0,0,1,0,0,0,0,0,0,0,0,0,1,0,1,0,0,0,0,0,0,0,0,0,0,0,0,0,0
"ANDREW.PLATEK","ARMANDO.BACOT","KERWIN.WALTON","RJ.DAVIS","WALKER.KESSLER","North Carolina",8.65,22,10,14,18,16,137.5,62.5,75,0.588,0.176,0.333,0.375,0.25,1,0.618,0.265,0.582,0.286,0.857,0,0.429,0,0.176,0.471,0.412,0.118,0.412,0.412,0.235,0.059,0.7,1,0.214,0.214,0.118,0.059,0.889,0.786,16.219,1.357,1,17,17,10,3,3,8,1,3,4,1,1,1,7,2,6,0,8,3,11,1,2,1,3,3,7,3
"ANDREW.PLATEK","ARMANDO.BACOT","KJ.SMITH","LEAKY.BLACK","WALKER.MILLER","North Carolina",0.867,0,0,2,2,2,0,0,0,0,0,0,0,0,0,0,0,0,0,0,0,0,0,1,0,0,0.333,0,0.667,0,0,0,0,0.5,0,0.333,0,0,0.667,13,0.5,1.5,1,3,0,0,1,0,0,0,0,0,0,0,0,1,0,0,0,1,2,1,1,0,1,0,0,0
"ANDREW.PLATEK","ARMANDO.BACOT","LEAKY.BLACK","PUFF.JOHNSON","RJ.DAVIS","North Carolina",0,0,0,0,0,0,0,0,0,0,0,0,0,0,0,0,0,0,0,0,0,0,0,0,0,0,0,0,0,0,0,0,0,0,0,0,0,0,0,0,0,0,0,0,0,0,0,0,0,0,0,0,0,0,0,0,0,0,0,0,0,0,0,0,0,0,0,0
"ANDREW.PLATEK","ARMANDO.BACOT","LEAKY.BLACK","RJ.DAVIS","WALKER.KESSLER","North Carolina",3.7,4,4,7,7,7,57.143,57.143,0,0.2,0,0,0,1,0.8,0.2,0,0.336,0.239,0,0,0.333,0,0.4,0.5,0,0.5,0.6,0,0.4,0.833,0,0,0.143,0.286,0.167,0,0,0.429,15.857,0.857,1.286,5,6,1,0,2,3,0,0,2,5,2,4,0,3,0,0,0,4,3,4,1,0,1,2,0,0
"ANDREW.PLATEK","ARMANDO.BACOT","PUFF.JOHNSON","RJ.DAVIS","WALKER.KESSLER","North Carolina",1.117,0,3,2,1,1.5,0,200,-200,0,1,0,1,0,0,0,1.5,0,1.5,0,0,0,0,0.5,1,0,0,0.5,0,0,0,0,1,0,0,0,0,0,0,22.333,1,1,2,1,0,1,1,1,0,1,0,0,0,0,0,0,0,0,0,0,0,1,0,0,0,0,0,1
"ANDREW.PLATEK","CALEB.LOVE","DAYRON.SHARPE","GARRISON.BROOKS","KERWIN.WALTON","North Carolina",13.517,28,26,25,25,25,112,104,8,0.5,0.474,0.333,0.5,0.4,0.833,0.542,0.553,0.531,0.595,0.714,0.4,0.455,0.5,0.25,0.316,0.292,0.263,0.458,0.421,0.208,0.316,0.25,0.333,0.16,0.2,0.211,0.042,0.462,0.8,16.22,1.08,0.88,24,19,12,9,6,6,2,3,5,6,2,5,7,5,5,2,6,2,8,7,4,1,4,5,3,3
"ANDREW.PLATEK","CALEB.LOVE","DAYRON.SHARPE","GARRISON.BROOKS","LEAKY.BLACK","North Carolina",34.017,60,50,63,69,66,90.909,75.758,15.152,0.382,0.333,0.375,0.286,0.75,0.667,0.436,0.396,0.479,0.442,0.381,0.562,0.389,0.091,0.291,0.438,0.382,0.333,0.327,0.229,0.291,0.375,0.714,0.625,0.206,0.27,0.104,0.145,0.361,0.853,15.462,1,0.826,55,48,21,16,16,21,6,6,16,18,12,12,21,16,8,9,13,5,29,23,5,8,13,17,15,10
"ANDREW.PLATEK","CALEB.LOVE","DAYRON.SHARPE","GARRISON.BROOKS","PUFF.JOHNSON","North Carolina",7.683,21,16,12,13,12.5,168,128,40,0.615,0.5,0.75,0.667,0.667,0,0.731,0.667,0.728,0.641,0.667,0,0.333,0.4,0.308,0.5,0.462,0.083,0.231,0.417,0.231,0.083,0.625,0.833,0,0.083,0.083,0,0.6,0.857,18.44,1.25,1,13,12,8,6,4,6,3,4,3,1,2,0,6,1,4,0,3,1,6,2,1,0,0,1,5,5
"ANDREW.PLATEK","CALEB.LOVE","DAYRON.SHARPE","GARRISON.BROOKS","RJ.DAVIS","North Carolina",21.067,31,33,35,37,36,86.111,91.667,-5.556,0.316,0.394,0,0.273,0.583,0.571,0.316,0.439,0.355,0.454,0.455,0.471,0.333,0.4,0.263,0.333,0.579,0.515,0.158,0.152,0.316,0.212,0.583,0.462,0.2,0.143,0.121,0.079,0.533,0.762,17.556,1.257,1,38,33,12,13,10,11,0,3,12,7,7,4,22,17,10,8,16,5,16,14,4,3,7,5,7,6
"ANDREW.PLATEK","CALEB.LOVE","DAYRON.SHARPE","GARRISON.BROOKS","WALKER.KESSLER","North Carolina",0,0,0,0,0,0,0,0,0,0,0,0,0,0,0,0,0,0,0,0,0,0,0,0,0,0,0,0,0,0,0,0,0,0,0,0,0,0,0,0,0,0,0,0,0,0,0,0,0,0,0,0,0,0,0,0,0,0,0,0,0,0,0,0,0,0,0,0
"ANDREW.PLATEK","CALEB.LOVE","DAYRON.SHARPE","KERWIN.WALTON","LEAKY.BLACK","North Carolina",0,0,0,0,0,0,0,0,0,0,0,0,0,0,0,0,0,0,0,0,0,0,0,0,0,0,0,0,0,0,0,0,0,0,0,0,0,0,0,0,0,0,0,0,0,0,0,0,0,0,0,0,0,0,0,0,0,0,0,0,0,0,0,0,0,0,0,0
"ANDREW.PLATEK","CALEB.LOVE","DAYRON.SHARPE","KERWIN.WALTON","RJ.DAVIS","North Carolina",0,0,0,0,0,0,0,0,0,0,0,0,0,0,0,0,0,0,0,0,0,0,0,0,0,0,0,0,0,0,0,0,0,0,0,0,0,0,0,0,0,0,0,0,0,0,0,0,0,0,0,0,0,0,0,0,0,0,0,0,0,0,0,0,0,0,0,0
"ANDREW.PLATEK","CALEB.LOVE","DAYRON.SHARPE","KERWIN.WALTON","WALKER.KESSLER","North Carolina",4.6,8,9,10,9,9.5,84.211,94.737,-10.526,0.4,0.429,0,0.5,0,0.5,0.4,0.5,0.382,0.506,0.667,0.5,0,0.333,0.1,0.286,0.6,0.286,0.3,0.429,0.1,0.571,0,0.333,0.2,0.2,0,0.2,0.429,0.5,14.526,1.1,1,10,7,4,3,1,2,0,1,1,4,0,2,6,2,4,1,3,2,2,4,0,2,2,2,0,1
"ANDREW.PLATEK","CALEB.LOVE","DAYRON.SHARPE","LEAKY.BLACK","RJ.DAVIS","North Carolina",1.3,2,8,3,3,3,66.667,266.667,-200,0.5,1,0,1,0,1,0.5,1.5,0.292,1.356,0.5,0,0,0,0,1,1,0,0,0,1.5,1,0,1,0,0,0,0.5,0.333,0,13,1.333,1,2,2,1,2,0,2,0,2,3,2,0,2,2,0,1,0,1,0,0,2,0,1,0,0,0,2
"ANDREW.PLATEK","CALEB.LOVE","DAYRON.SHARPE","LEAKY.BLACK","WALKER.KESSLER","North Carolina",10.133,17,17,21,18,19.5,87.179,87.179,0,0.35,0.429,0.286,0.143,0.333,0.667,0.4,0.464,0.397,0.504,0.667,0.667,0.143,1,0.35,0.5,0.3,0.429,0.35,0.071,0.15,0.429,0.286,0.667,0.333,0.143,0.214,0.05,0.667,0.75,15.59,1.048,0.944,20,14,7,6,7,7,2,1,3,6,1,4,6,6,4,4,8,2,6,4,3,1,7,3,2,4
"ANDREW.PLATEK","CALEB.LOVE","DAYRON.SHARPE","RJ.DAVIS","WALKER.KESSLER","North Carolina",14.067,26,20,25,23,24,108.333,83.333,25,0.44,0.381,0.286,0.222,0.667,0.667,0.48,0.429,0.492,0.446,0.615,0.6,0.2,0.429,0.28,0.429,0.52,0.238,0.2,0.333,0.12,0.143,0.727,0.5,0.12,0.12,0.19,0.08,0.357,0.75,17.583,1.08,1,25,21,11,8,7,9,2,2,3,3,2,2,13,5,8,3,5,3,9,9,4,2,3,3,8,4
"ANDREW.PLATEK","CALEB.LOVE","GARRISON.BROOKS","KERWIN.WALTON","LEAKY.BLACK","North Carolina",1.783,5,3,6,5,5.5,90.909,54.545,36.364,0,0.333,0,0,1,0.5,0,0.333,0.741,0.38,0,0,0,1,0,0.333,0,0.333,1,0.333,5,0.667,0,0,0.333,0.333,0,1,0,0.5,9.727,0.667,0.8,1,3,0,1,0,1,0,0,5,2,5,1,0,1,0,0,0,1,1,0,0,1,2,2,0,0
"ANDREW.PLATEK","CALEB.LOVE","GARRISON.BROOKS","KERWIN.WALTON","PUFF.JOHNSON","North Carolina",0.117,0,0,1,0,0.5,0,0,0,0,0,0,0,0,0,0,0,0,0,0,0,0,0,1,0,0,0,0,0,0,0,0,0,0,0,0,0,0,0,7,1,0,1,0,0,0,1,0,0,0,0,0,0,0,0,0,0,0,0,0,0,0,0,0,0,0,0,0
"ANDREW.PLATEK","CALEB.LOVE","GARRISON.BROOKS","KERWIN.WALTON","RJ.DAVIS","North Carolina",0,0,0,0,0,0,0,0,0,0,0,0,0,0,0,0,0,0,0,0,0,0,0,0,0,0,0,0,0,0,0,0,0,0,0,0,0,0,0,0,0,0,0,0,0,0,0,0,0,0,0,0,0,0,0,0,0,0,0,0,0,0,0,0,0,0,0,0
"ANDREW.PLATEK","CALEB.LOVE","GARRISON.BROOKS","KERWIN.WALTON","WALKER.KESSLER","North Carolina",0.017,0,1,0,1,0.5,0,200,-200,0,0,0,0,0,0.5,0,0,0,0.526,0,0,0,0,0,0,0,0,0,0,0,0,0,0,0,0,0,0,0,1,1,0,1,0,0,0,0,0,0,0,0,0,2,0,1,0,0,0,0,0,0,1,0,0,0,0,0,0,0
"ANDREW.PLATEK","CALEB.LOVE","GARRISON.BROOKS","LEAKY.BLACK","RJ.DAVIS","North Carolina",4.6,6,11,8,12,10,60,110,-50,0.333,0.364,0,0.333,1,0.333,0.333,0.409,0.432,0.397,0.5,0.5,0,0,0,0.273,0.667,0.545,0.333,0.182,0.333,0.545,0,0.75,0.125,0.375,0,0,0,0.286,13.8,0.875,1.167,6,11,2,4,0,3,0,1,2,6,2,2,4,6,2,3,0,5,2,4,0,0,1,3,0,3
"ANDREW.PLATEK","CALEB.LOVE","GARRISON.BROOKS","LEAKY.BLACK","WALKER.KESSLER","North Carolina",2,5,3,3,3,3,166.667,100,66.667,1,0.333,0,0,1,1,1,0.333,1.01,0.432,1,1,1,0,0,0.667,0.5,0.333,0.5,0,0.5,0.333,1,0,0,0,0,0,0,0.5,20,1,1.333,2,3,2,1,0,2,0,0,1,1,1,1,1,1,1,1,0,1,1,0,0,0,0,0,2,0
"ANDREW.PLATEK","CALEB.LOVE","GARRISON.BROOKS","LEAKY.BLACK","WALKER.MILLER","North Carolina",0,0,0,0,0,0,0,0,0,0,0,0,0,0,0,0,0,0,0,0,0,0,0,0,0,0,0,0,0,0,0,0,0,0,0,0,0,0,0,0,0,0,0,0,0,0,0,0,0,0,0,0,0,0,0,0,0,0,0,0,0,0,0,0,0,0,0,0
"ANDREW.PLATEK","CALEB.LOVE","GARRISON.BROOKS","PUFF.JOHNSON","WALKER.KESSLER","North Carolina",4.1,3,5,8,7,7.5,40,66.667,-26.667,0.1,0.143,0,0.333,0.5,1,0.1,0.214,0.137,0.314,0.25,0,0,0,0.3,0.429,0.4,0.286,0.3,0.286,0.2,0.286,1,0,0,0,0,0.1,0.333,0.833,16.4,1.375,1.143,10,7,1,1,3,3,0,1,2,2,1,2,4,2,1,0,3,1,5,6,0,1,0,0,1,0
"ANDREW.PLATEK","CALEB.LOVE","GARRISON.BROOKS","RJ.DAVIS","WALKER.KESSLER","North Carolina",3.35,3,8,7,7,7,42.857,114.286,-71.429,0.2,0.333,0.5,0.333,0,0.5,0.3,0.389,0.3,0.402,0,0.4,0,0,0.4,0.333,0.2,0.556,0.4,0.111,0,0.222,0,0.333,0.429,0.143,0.333,0,0.25,0.333,14.357,0.714,1.429,5,9,1,3,2,3,1,1,0,2,0,1,1,5,0,2,1,4,2,3,3,0,3,1,0,1
"ANDREW.PLATEK","CALEB.LOVE","KERWIN.WALTON","LEAKY.BLACK","WALKER.KESSLER","North Carolina",1.033,2,0,1,2,1.5,133.333,0,133.333,1,0,0,0,0,0,1,0,1,0,1,0,0,0,0,0,1,1,0,0,0,0,1,0,0,1,0.5,0,0,0.5,20.667,1,1,1,2,1,0,0,0,0,0,0,0,0,0,1,2,1,0,0,1,1,0,1,0,0,1,1,0
"ANDREW.PLATEK","CALEB.LOVE","KERWIN.WALTON","PUFF.JOHNSON","WALKER.KESSLER","North Carolina",0,1,0,1,0,0.5,200,0,200,0,0,0,0,1,0,0,0,1.053,0,0,0,0,0,0,0,0,0,0,0,0,0,0,0,0,0,0,0,0,0,0,1,0,0,0,0,0,0,0,0,0,1,0,1,0,0,0,0,0,0,0,0,0,0,0,0,0,0,0
"ANDREW.PLATEK","CALEB.LOVE","LEAKY.BLACK","RJ.DAVIS","WALKER.KESSLER","North Carolina",0.333,4,0,1,1,1,400,0,400,0.5,0,0.5,0,0.5,0,0.75,0,0.678,0,0,0,0,0,1,0,0,0,0,0,1,0,1,0,0,1,0,0,1,0,10,3,0,2,0,1,0,2,0,1,0,2,0,1,0,0,0,0,0,2,0,0,0,0,0,0,1,1,0
"ANDREW.PLATEK","DAYRON.SHARPE","GARRISON.BROOKS","KERWIN.WALTON","LEAKY.BLACK","North Carolina",1.133,2,4,3,4,3.5,57.143,114.286,-57.143,0.333,0.5,0,0,0,0,0.333,0.5,0.333,0.5,1,1,0,1,0.333,0.5,0.333,0.25,0.333,0.25,0,0,0,0,0,0,0,0,0,1,9.714,1,1,3,4,1,2,1,2,0,0,0,0,0,0,1,1,1,1,0,0,1,1,0,0,0,0,0,0
"ANDREW.PLATEK","DAYRON.SHARPE","GARRISON.BROOKS","KERWIN.WALTON","RJ.DAVIS","North Carolina",13.883,37,25,26,23,24.5,151.02,102.041,48.98,0.593,0.474,0.556,0.3,0,0.667,0.685,0.553,0.685,0.572,0.692,0.4,0.4,1,0.333,0.526,0.481,0.263,0.185,0.211,0,0.316,0.688,0.444,0.192,0.192,0.105,0.074,0.545,0.667,17,1.038,0.957,27,19,16,9,9,10,5,3,0,6,0,4,13,5,9,2,6,4,8,5,2,2,5,5,11,4
"ANDREW.PLATEK","DAYRON.SHARPE","GARRISON.BROOKS","KJ.SMITH","PUFF.JOHNSON","North Carolina",0,0,0,0,0,0,0,0,0,0,0,0,0,0,0,0,0,0,0,0,0,0,0,0,0,0,0,0,0,0,0,0,0,0,0,0,0,0,0,0,0,0,0,0,0,0,0,0,0,0,0,0,0,0,0,0,0,0,0,0,0,0,0,0,0,0,0,0
"ANDREW.PLATEK","DAYRON.SHARPE","GARRISON.BROOKS","LEAKY.BLACK","PUFF.JOHNSON","North Carolina",0,0,0,0,0,0,0,0,0,0,0,0,0,0,0,0,0,0,0,0,0,0,0,0,0,0,0,0,0,0,0,0,0,0,0,0,0,0,0,0,0,0,0,0,0,0,0,0,0,0,0,0,0,0,0,0,0,0,0,0,0,0,0,0,0,0,0,0
"ANDREW.PLATEK","DAYRON.SHARPE","GARRISON.BROOKS","LEAKY.BLACK","RJ.DAVIS","North Carolina",21.1,46,48,43,43,43,106.977,111.628,-4.651,0.432,0.571,0.2,0.583,0.812,1,0.446,0.671,0.516,0.677,0.545,0.692,0.3,0.4,0.135,0.343,0.595,0.371,0.27,0.286,0.432,0.029,0.5,0.4,0.233,0.256,0.029,0.135,0.545,0.714,14.721,1.047,0.837,37,35,16,20,5,12,1,7,16,1,13,1,22,13,12,9,12,4,10,10,1,5,10,11,8,8
"ANDREW.PLATEK","DAYRON.SHARPE","GARRISON.BROOKS","PUFF.JOHNSON","RJ.DAVIS","North Carolina",1.8,1,3,3,3,3,33.333,100,-66.667,0,0.333,0,0.5,1,0,0,0.5,0.202,0.5,0,0,0,0,0.5,0.667,0,0.333,0.5,0,0.5,0,0,1,0.333,0,0,0.5,0.5,1,18,1,1,2,3,0,1,1,2,0,1,1,0,1,0,0,1,0,0,1,0,2,1,0,1,1,0,0,1
"ANDREW.PLATEK","DAYRON.SHARPE","KERWIN.WALTON","LEAKY.BLACK","RJ.DAVIS","North Carolina",0.217,2,1,1,1,1,200,100,100,0,0,0,0,1,1,0,0,0.513,1.053,0,0,0,0,0,0,1,0,0,0,2,0,0,0,0,0,0,0,1,0,6.5,2,1,1,0,0,0,0,0,0,0,2,1,2,1,1,0,0,0,1,0,0,0,0,0,0,0,0,0
"ANDREW.PLATEK","DAYRON.SHARPE","KERWIN.WALTON","RJ.DAVIS","WALKER.KESSLER","North Carolina",12.817,28,19,26,24,25,112,76,36,0.476,0.375,0.375,0.333,0.625,1,0.548,0.469,0.565,0.531,0.556,0.6,0.5,0,0.381,0.562,0.429,0.312,0.19,0.125,0.381,0.25,0.7,0.167,0.231,0.269,0,0,0.455,0.909,15.38,0.962,0.75,21,16,10,6,8,9,3,3,8,4,5,4,9,5,5,3,5,1,10,6,0,0,6,7,7,1
"ANDREW.PLATEK","DAYRON.SHARPE","LEAKY.BLACK","RJ.DAVIS","WALKER.KESSLER","North Carolina",6.733,9,13,10,10,10,90,130,-40,0.267,0.5,0,0.2,1,1,0.267,0.55,0.291,0.594,0.25,1,0.5,0.5,0.2,0.5,0.533,0.3,0.267,0.2,0.067,0.2,0.75,0.4,0.3,0.1,0.1,0.2,0.818,0.6,20.2,1.6,1.1,15,10,4,5,3,5,0,1,1,2,1,2,8,3,2,3,9,2,3,2,1,3,3,1,3,2
"ANDREW.PLATEK","DAYRON.SHARPE","PUFF.JOHNSON","RJ.DAVIS","WALKER.KESSLER","North Carolina",1.433,0,4,3,2,2.5,0,160,-160,0,1,0,0,0,0,0,1,0,1,0,1,0,1,0.5,0,0,0.5,0.5,0.5,0,0,0,0,0.333,0,0,0,0,0,17.2,0.667,1,2,2,0,2,1,0,0,0,0,0,0,0,0,1,0,1,0,0,0,1,0,0,1,0,0,0
"ANDREW.PLATEK","DAYRON.SHARPE","RJ.DAVIS","RYAN.MCADOO","WALKER.KESSLER","North Carolina",0.8,2,2,2,2,2,100,100,0,0.333,0.5,0,0,0,0,0.333,0.5,0.333,0.5,0.5,1,0,0,0,0.5,0.667,0.5,0.333,0,0,0,0,0,0.5,0,0,0,1,1,12,1.5,1,3,2,1,1,0,1,0,0,0,0,0,0,2,1,1,1,2,0,1,0,0,0,1,0,0,0
"ANDREW.PLATEK","GARRISON.BROOKS","KERWIN.WALTON","LEAKY.BLACK","RJ.DAVIS","North Carolina",0.2,0,0,1,0,0.5,0,0,0,0,0,0,0,0,0,0,0,0,0,0,0,0,0,1,0,0,0,0,0,0,0,0,0,0,0,0,0,0,0,12,1,0,1,0,0,0,1,0,0,0,0,0,0,0,0,0,0,0,0,0,0,1,0,0,0,0,0,0
"ANDREW.PLATEK","GARRISON.BROOKS","KERWIN.WALTON","PUFF.JOHNSON","RJ.DAVIS","North Carolina",0,0,0,0,0,0,0,0,0,0,0,0,0,0,0,0,0,0,0,0,0,0,0,0,0,0,0,0,0,0,0,0,0,0,0,0,0,0,0,0,0,0,0,0,0,0,0,0,0,0,0,0,0,0,0,0,0,0,0,0,0,0,0,0,0,0,0,0
"ANDREW.PLATEK","GARRISON.BROOKS","KERWIN.WALTON","RJ.DAVIS","WALKER.KESSLER","North Carolina",0,0,0,0,0,0,0,0,0,0,0,0,0,0,0,0,0,0,0,0,0,0,0,0,0,0,0,0,0,0,0,0,0,0,0,0,0,0,0,0,0,0,0,0,0,0,0,0,0,0,0,0,0,0,0,0,0,0,0,0,0,0,0,0,0,0,0,0
"ANDREW.PLATEK","GARRISON.BROOKS","KJ.SMITH","LEAKY.BLACK","WALKER.MILLER","North Carolina",0.967,2,0,1,2,1.5,133.333,0,133.333,1,0,0,0,0,0,1,0,1,0,0,0,1,0,0,1,0,0,1,0,0,0,1,0,0,1,0,0,0,1,19.333,1,0.5,1,1,1,0,0,1,0,0,0,0,0,0,0,0,0,0,0,0,1,0,0,0,0,1,1,0
"ANDREW.PLATEK","GARRISON.BROOKS","KJ.SMITH","RYAN.MCADOO","WALKER.MILLER","North Carolina",0,0,0,0,0,0,0,0,0,0,0,0,0,0,0,0,0,0,0,0,0,0,0,0,0,0,0,0,0,0,0,0,0,0,0,0,0,0,0,0,0,0,0,0,0,0,0,0,0,0,0,0,0,0,0,0,0,0,0,0,0,0,0,0,0,0,0,0
"ANDREW.PLATEK","GARRISON.BROOKS","LEAKY.BLACK","PUFF.JOHNSON","RJ.DAVIS","North Carolina",0,0,0,0,0,0,0,0,0,0,0,0,0,0,0,0,0,0,0,0,0,0,0,0,0,0,0,0,0,0,0,0,0,0,0,0,0,0,0,0,0,0,0,0,0,0,0,0,0,0,0,0,0,0,0,0,0,0,0,0,0,0,0,0,0,0,0,0
"ANDREW.PLATEK","GARRISON.BROOKS","LEAKY.BLACK","RJ.DAVIS","WALKER.KESSLER","North Carolina",2.2,3,3,6,5,5.5,54.545,54.545,0,0.5,0.25,0,0,0.333,1,0.5,0.25,0.438,0.335,1,0,0,1,0,0.75,0.5,0,0.5,0.25,1.5,0.25,0,0,0.333,0,0,0,0,1,12,0.667,1,2,4,1,1,0,3,0,0,3,1,1,1,1,0,1,0,0,0,4,2,0,0,2,0,0,0
"ANDREW.PLATEK","KERWIN.WALTON","LEAKY.BLACK","RJ.DAVIS","WALKER.KESSLER","North Carolina",2.583,8,0,7,5,6,133.333,0,133.333,0.429,0,0,0,1,0,0.429,0,0.503,0,0.75,0,0,0,0.286,0.75,0.571,0.25,0.143,0,0.286,0,0.333,0,0,0.143,0,0,0.333,1,12.917,1.143,0.8,7,4,3,0,2,3,0,0,2,0,2,0,4,1,3,0,1,0,4,2,0,0,0,1,1,0
"ANDREW.PLATEK","KJ.SMITH","RYAN.MCADOO","STERLING.MANLEY","WALKER.MILLER","North Carolina",0.617,4,2,3,2,2.5,160,80,80,1,0,0,0,0,1,1,0,1,0.339,1,0,0,0,0,0.5,1,0,0,0.5,0,1,0.5,0,0.333,0,0.5,0,0,0.5,7.4,0.667,1.5,2,2,2,0,0,1,0,0,0,2,0,2,2,0,2,0,0,1,1,0,1,0,1,0,1,0
"ANTHONY.HARRIS","ARMANDO.BACOT","CALEB.LOVE","DAYRON.SHARPE","GARRISON.BROOKS","North Carolina",0,0,0,0,0,0,0,0,0,0,0,0,0,0,0,0,0,0,0,0,0,0,0,0,0,0,0,0,0,0,0,0,0,0,0,0,0,0,0,0,0,0,0,0,0,0,0,0,0,0,0,0,0,0,0,0,0,0,0,0,0,0,0,0,0,0,0,0
"ANTHONY.HARRIS","ARMANDO.BACOT","CALEB.LOVE","DAYRON.SHARPE","KERWIN.WALTON","North Carolina",0.833,3,0,1,1,1,300,0,300,1,0,1,0,0,0,1.5,0,1.5,0,0,0,0,0,1,0,0,0,0,1,0,0,1,0,0,1,0,0,0,0,25,1,1,1,1,1,0,1,0,1,0,0,0,0,0,0,0,0,0,0,1,0,0,0,0,0,1,1,0
"ANTHONY.HARRIS","ARMANDO.BACOT","CALEB.LOVE","DAYRON.SHARPE","LEAKY.BLACK","North Carolina",0.95,4,0,3,4,3.5,114.286,0,114.286,0,0,0,0,0.5,0,0,0,0.526,0,0,0,0,0,0,1,0,0,0,0,0,0.5,0,0,0,0.333,0,0,0.25,1,8.143,1.333,0.75,0,2,0,0,0,2,0,0,8,1,4,0,0,0,0,0,1,0,2,3,0,0,0,1,0,0
"ANTHONY.HARRIS","ARMANDO.BACOT","CALEB.LOVE","DAYRON.SHARPE","RJ.DAVIS","North Carolina",7.95,25,13,17,15,16,156.25,81.25,75,0.625,0.556,0.667,0.5,1,1,0.688,0.611,0.717,0.653,0.875,0.4,0.2,1,0.188,0.222,0.5,0.556,0.312,0.222,0.188,0.222,0.4,0.4,0.118,0.353,0.111,0.125,0.5,0.75,14.906,1.059,0.667,16,9,10,5,3,2,2,1,3,2,3,2,8,5,7,2,3,1,3,3,1,2,2,6,4,2
"ANTHONY.HARRIS","ARMANDO.BACOT","CALEB.LOVE","GARRISON.BROOKS","KERWIN.WALTON","North Carolina",3.3,4,9,6,6,6,66.667,150,-83.333,0.25,0.75,0,1,0.667,0.667,0.25,0.875,0.369,0.829,1,0.5,0,1,0.5,0.25,0.25,0.5,0.25,0.25,0.75,0.75,0,1,0.167,0,0,0,0.333,1,16.5,1,1,4,4,1,3,2,1,0,1,3,3,2,2,1,2,1,1,1,0,1,2,0,0,1,0,0,3
"ANTHONY.HARRIS","ARMANDO.BACOT","CALEB.LOVE","GARRISON.BROOKS","LEAKY.BLACK","North Carolina",3.633,13,12,8,9,8.5,152.941,141.176,11.765,0.667,0.5,1,0.5,0.889,0,0.833,0.6,0.893,0.6,0,0.6,1,0,0.333,0.4,0.333,0.5,0.333,0.1,3,0,0,0.4,0.25,0.25,0,0,0.667,0.4,12.824,1,1.111,3,10,2,5,1,4,1,2,9,0,8,0,1,5,0,3,2,3,2,1,0,0,2,2,0,2
"ANTHONY.HARRIS","ARMANDO.BACOT","CALEB.LOVE","GARRISON.BROOKS","RJ.DAVIS","North Carolina",1.4,4,4,3,3,3,133.333,133.333,0,0,0.333,0,0,1,1,0,0.333,0.69,0.506,0,0,0,0.5,0,0.333,1,0,0,0.667,4,0.667,0,0,0,0.333,0,0,0,0,14,1,1.333,1,3,0,1,0,1,0,0,4,2,4,2,1,0,0,0,0,2,0,1,0,0,0,1,0,0
"ANTHONY.HARRIS","ARMANDO.BACOT","CALEB.LOVE","GARRISON.BROOKS","STERLING.MANLEY","North Carolina",0,0,0,0,0,0,0,0,0,0,0,0,0,0,0,0,0,0,0,0,0,0,0,0,0,0,0,0,0,0,0,0,0,0,0,0,0,0,0,0,0,0,0,0,0,0,0,0,0,0,0,0,0,0,0,0,0,0,0,0,0,0,0,0,0,0,0,0
"ANTHONY.HARRIS","ARMANDO.BACOT","CALEB.LOVE","KERWIN.WALTON","LEAKY.BLACK","North Carolina",0,0,0,0,0,0,0,0,0,0,0,0,0,0,0,0,0,0,0,0,0,0,0,0,0,0,0,0,0,0,0,0,0,0,0,0,0,0,0,0,0,0,0,0,0,0,0,0,0,0,0,0,0,0,0,0,0,0,0,0,0,0,0,0,0,0,0,0
"ANTHONY.HARRIS","ARMANDO.BACOT","CALEB.LOVE","KERWIN.WALTON","WALKER.KESSLER","North Carolina",0.883,0,2,1,1,1,0,200,-200,0,1,0,0,0,0,0,1,0,1,0,1,0,0,0,0,0,1,0,0,0,0,0,1,1,0,0,0,0,0,26.5,0,1,0,1,0,1,0,0,0,0,0,0,0,0,0,1,0,1,0,0,0,0,0,0,1,0,0,1
"ANTHONY.HARRIS","ARMANDO.BACOT","CALEB.LOVE","LEAKY.BLACK","RJ.DAVIS","North Carolina",1.55,1,4,3,3,3,33.333,133.333,-100,0,0.4,0,0,0.5,0,0,0.4,0.526,0.4,0,0.5,0,0,0,0.2,0,0.8,0,0,0,0,0,0,0.667,0,0.2,0,0,0.5,15.5,0.333,1.667,0,5,0,2,0,1,0,0,2,0,1,0,0,4,0,2,0,2,2,2,1,0,2,0,0,0
"ANTHONY.HARRIS","ARMANDO.BACOT","CALEB.LOVE","LEAKY.BLACK","WALKER.KESSLER","North Carolina",0,0,0,0,0,0,0,0,0,0,0,0,0,0,0,0,0,0,0,0,0,0,0,0,0,0,0,0,0,0,0,0,0,0,0,0,0,0,0,0,0,0,0,0,0,0,0,0,0,0,0,0,0,0,0,0,0,0,0,0,0,0,0,0,0,0,0,0
"ANTHONY.HARRIS","ARMANDO.BACOT","CALEB.LOVE","RJ.DAVIS","WALKER.KESSLER","North Carolina",0.133,0,0,1,0,0.5,0,0,0,0,0,0,0,0,0,0,0,0,0,0,0,0,0,0,0,0,0,0,0,0,0,0,0,1,0,0,0,0,0,8,0,0,0,0,0,0,0,0,0,0,0,0,0,0,0,0,0,0,0,0,0,0,0,0,1,0,0,0
"ANTHONY.HARRIS","ARMANDO.BACOT","DAYRON.SHARPE","GARRISON.BROOKS","LEAKY.BLACK","North Carolina",0,0,0,0,0,0,0,0,0,0,0,0,0,0,0,0,0,0,0,0,0,0,0,0,0,0,0,0,0,0,0,0,0,0,0,0,0,0,0,0,0,0,0,0,0,0,0,0,0,0,0,0,0,0,0,0,0,0,0,0,0,0,0,0,0,0,0,0
"ANTHONY.HARRIS","ARMANDO.BACOT","DAYRON.SHARPE","GARRISON.BROOKS","RJ.DAVIS","North Carolina",0,0,0,0,0,0,0,0,0,0,0,0,0,0,0,0,0,0,0,0,0,0,0,0,0,0,0,0,0,0,0,0,0,0,0,0,0,0,0,0,0,0,0,0,0,0,0,0,0,0,0,0,0,0,0,0,0,0,0,0,0,0,0,0,0,0,0,0
"ANTHONY.HARRIS","ARMANDO.BACOT","DAYRON.SHARPE","KERWIN.WALTON","LEAKY.BLACK","North Carolina",0,0,0,0,0,0,0,0,0,0,0,0,0,0,0,0,0,0,0,0,0,0,0,0,0,0,0,0,0,0,0,0,0,0,0,0,0,0,0,0,0,0,0,0,0,0,0,0,0,0,0,0,0,0,0,0,0,0,0,0,0,0,0,0,0,0,0,0
"ANTHONY.HARRIS","ARMANDO.BACOT","DAYRON.SHARPE","KERWIN.WALTON","RJ.DAVIS","North Carolina",3.867,13,3,7,6,6.5,200,46.154,153.846,0.714,0.2,0.667,0,1,1,0.857,0.2,0.87,0.274,0.667,0.333,1,0,0.429,0.2,0.429,0.6,0.143,0.2,0.143,0.2,0.8,1,0,0.143,0.2,0,0.5,0.75,17.846,1.143,1,7,5,5,1,3,1,2,0,1,1,1,1,3,3,2,1,1,1,3,1,1,0,0,1,4,1
"ANTHONY.HARRIS","ARMANDO.BACOT","DAYRON.SHARPE","LEAKY.BLACK","RJ.DAVIS","North Carolina",5.65,13,19,9,10,9.5,136.842,200,-63.158,0.6,0.6,0,0.833,0.5,0.667,0.6,0.85,0.594,0.832,0.556,0.5,1,0,0,0.6,0.9,0.2,0.1,0.2,0.2,0.3,0.667,1,0,0.111,0,0.1,0.5,0.25,17.842,1.222,1.2,10,10,6,6,0,6,0,5,2,3,1,2,9,2,5,1,2,3,1,2,0,1,0,1,4,6
"ANTHONY.HARRIS","ARMANDO.BACOT","DAYRON.SHARPE","RJ.DAVIS","WALKER.KESSLER","North Carolina",0,0,0,0,0,0,0,0,0,0,0,0,0,0,0,0,0,0,0,0,0,0,0,0,0,0,0,0,0,0,0,0,0,0,0,0,0,0,0,0,0,0,0,0,0,0,0,0,0,0,0,0,0,0,0,0,0,0,0,0,0,0,0,0,0,0,0,0
"ANTHONY.HARRIS","ARMANDO.BACOT","GARRISON.BROOKS","KERWIN.WALTON","LEAKY.BLACK","North Carolina",0,0,0,0,0,0,0,0,0,0,0,0,0,0,0,0,0,0,0,0,0,0,0,0,0,0,0,0,0,0,0,0,0,0,0,0,0,0,0,0,0,0,0,0,0,0,0,0,0,0,0,0,0,0,0,0,0,0,0,0,0,0,0,0,0,0,0,0
"ANTHONY.HARRIS","ARMANDO.BACOT","GARRISON.BROOKS","KERWIN.WALTON","RJ.DAVIS","North Carolina",5.217,9,15,11,11,11,81.818,136.364,-54.545,0.364,0.667,0.2,0.5,0,1,0.409,0.722,0.392,0.754,0.667,0.8,0.333,0.5,0.455,0.222,0.273,0.556,0.273,0.222,0.091,0.222,0.75,0.5,0.182,0.182,0.222,0.182,0.429,0.667,14.227,1.091,0.909,11,9,4,6,5,2,1,1,1,2,0,2,3,5,2,4,3,1,2,4,2,2,2,2,3,3
"ANTHONY.HARRIS","ARMANDO.BACOT","GARRISON.BROOKS","KERWIN.WALTON","WALKER.KESSLER","North Carolina",0,0,0,0,0,0,0,0,0,0,0,0,0,0,0,0,0,0,0,0,0,0,0,0,0,0,0,0,0,0,0,0,0,0,0,0,0,0,0,0,0,0,0,0,0,0,0,0,0,0,0,0,0,0,0,0,0,0,0,0,0,0,0,0,0,0,0,0
"ANTHONY.HARRIS","ARMANDO.BACOT","GARRISON.BROOKS","LEAKY.BLACK","RJ.DAVIS","North Carolina",3.25,5,4,5,5,5,100,80,20,0.333,0.333,0,0,0.75,1,0.333,0.333,0.51,0.506,0.5,1,0,0,0,0.333,0.667,0.333,0.333,0.333,1.333,0.667,1,1,0.2,0.4,0,0.333,0.5,0.5,19.5,1,0.8,3,3,1,1,0,1,0,0,4,2,3,2,2,1,1,1,1,1,1,1,0,1,1,2,1,1
"ANTHONY.HARRIS","ARMANDO.BACOT","GARRISON.BROOKS","RYAN.MCADOO","STERLING.MANLEY","North Carolina",0,0,0,0,0,0,0,0,0,0,0,0,0,0,0,0,0,0,0,0,0,0,0,0,0,0,0,0,0,0,0,0,0,0,0,0,0,0,0,0,0,0,0,0,0,0,0,0,0,0,0,0,0,0,0,0,0,0,0,0,0,0,0,0,0,0,0,0
"ANTHONY.HARRIS","ARMANDO.BACOT","KERWIN.WALTON","LEAKY.BLACK","RJ.DAVIS","North Carolina",0.017,0,0,1,0,0.5,0,0,0,0,0,0,0,0,0,0,0,0,0,0,0,0,0,0,0,0,0,0,0,0,0,0,0,1,0,0,0,0,0,1,0,0,0,0,0,0,0,0,0,0,0,0,0,0,0,0,0,0,0,0,0,0,0,0,1,0,0,0
"ANTHONY.HARRIS","ARMANDO.BACOT","KERWIN.WALTON","RJ.DAVIS","WALKER.KESSLER","North Carolina",0.433,0,2,1,1,1,0,200,-200,0,1,0,0,0,0,0,1,0,1,0,1,0,0,0,0,0,1,0,0,0,0,0,1,0,0,0,0,0,0,13,1,1,0,1,0,1,0,0,0,0,2,0,0,0,0,1,0,1,0,0,0,1,0,0,0,0,0,1
"ANTHONY.HARRIS","ARMANDO.BACOT","LEAKY.BLACK","RJ.DAVIS","WALKER.KESSLER","North Carolina",1.933,0,2,4,3,3.5,0,57.143,-57.143,0,0.2,0,0,0,0,0,0.2,0,0.2,0,0.25,0,0,0.5,0,0,0.8,0.5,0.2,0.5,0,0,1,0.5,0,0.2,0,0.5,0.5,16.571,0.75,1.667,2,5,0,1,1,0,0,0,1,0,0,0,0,4,0,1,1,2,2,1,1,0,2,0,0,1
"ANTHONY.HARRIS","CALEB.LOVE","DAYRON.SHARPE","GARRISON.BROOKS","KERWIN.WALTON","North Carolina",5.167,8,14,8,10,9,88.889,155.556,-66.667,0.75,0.667,1,1,0.25,0.5,0.875,0.722,0.678,0.704,0.667,0.667,0,0.5,0.25,0.111,0.75,0.667,0,0.222,1,0.222,0.667,0.833,0.375,0.25,0,0,0.333,0.5,17.222,0.75,1,4,9,3,6,1,1,1,1,4,2,1,1,3,6,2,4,1,2,2,2,0,0,3,2,2,5
"ANTHONY.HARRIS","CALEB.LOVE","DAYRON.SHARPE","GARRISON.BROOKS","LEAKY.BLACK","North Carolina",6.867,14,10,13,17,15,93.333,66.667,26.667,0.462,0.308,0,0,1,0.667,0.462,0.308,0.502,0.347,0.667,0.6,0,0.25,0.231,0.308,0.692,0.385,0.077,0.308,0.154,0.231,0.333,0.25,0.154,0.231,0,0.077,0.429,0.875,13.733,1.077,0.882,13,13,6,4,3,4,0,0,2,3,2,2,9,5,6,3,3,1,7,4,0,1,2,3,2,1
"ANTHONY.HARRIS","CALEB.LOVE","DAYRON.SHARPE","GARRISON.BROOKS","RJ.DAVIS","North Carolina",2.667,0,7,6,6,6,0,116.667,-116.667,0,0.5,0,0.5,0,0,0,0.583,0,0.583,0,0.5,0,0.5,0.25,0.333,0.25,0.333,0.5,0.333,0.25,0,0,0.333,0.167,0.167,0,0,0,0.75,13.333,0.833,1,4,6,0,3,1,2,0,1,1,0,0,0,1,2,0,1,0,1,3,4,0,0,1,1,0,1
"ANTHONY.HARRIS","CALEB.LOVE","DAYRON.SHARPE","GARRISON.BROOKS","WALKER.KESSLER","North Carolina",0.25,0,0,0,0,0,0,0,0,0,0,0,0,0,0,0,0,0,0,0,0,0,0,0,0,0,0,0,0,0,0,0,0,0,0,0,0,0,0,0,0,0,0,0,0,0,0,0,0,0,0,0,0,0,0,0,0,0,0,0,0,0,0,0,0,0,0,0
"ANTHONY.HARRIS","CALEB.LOVE","DAYRON.SHARPE","KERWIN.WALTON","RJ.DAVIS","North Carolina",0,0,0,0,0,0,0,0,0,0,0,0,0,0,0,0,0,0,0,0,0,0,0,0,0,0,0,0,0,0,0,0,0,0,0,0,0,0,0,0,0,0,0,0,0,0,0,0,0,0,0,0,0,0,0,0,0,0,0,0,0,0,0,0,0,0,0,0
"ANTHONY.HARRIS","CALEB.LOVE","DAYRON.SHARPE","KERWIN.WALTON","WALKER.KESSLER","North Carolina",3,7,2,6,6,6,116.667,33.333,83.333,0.6,0,0.5,0,0,1,0.7,0,0.7,0.339,1,0,0.5,0,0.4,0,0.2,0,0.4,1,0,1,1,0,0.167,0.667,0.5,0,0,0.5,15,0.833,0.5,5,2,3,0,2,0,1,0,0,2,0,2,1,0,1,0,0,1,1,2,1,0,1,4,3,0
"ANTHONY.HARRIS","CALEB.LOVE","DAYRON.SHARPE","LEAKY.BLACK","RJ.DAVIS","North Carolina",1.383,1,4,2,3,2.5,40,160,-120,0,0.667,0,0,0.5,0,0,0.667,0.169,0.667,0,1,0,1,0.5,0.333,0,0.333,0.5,0.333,1,0,0,0.5,0,0,0,0,0.25,1,16.6,1.5,1,2,3,0,2,1,1,0,0,2,0,1,0,0,1,0,1,1,0,1,3,0,0,0,0,0,1
"ANTHONY.HARRIS","CALEB.LOVE","DAYRON.SHARPE","LEAKY.BLACK","WALKER.KESSLER","North Carolina",1.417,4,0,3,2,2.5,160,0,160,0.333,0,0,0,1,0,0.333,0,0.506,0,0,0,0.5,0,0.333,1,0,0,0.667,0,0.667,0,1,0,0,0,0,0.333,0.5,1,17,1.333,1,3,2,1,0,1,2,0,0,2,0,2,0,0,0,0,0,1,0,2,1,0,1,0,0,1,0
"ANTHONY.HARRIS","CALEB.LOVE","DAYRON.SHARPE","RJ.DAVIS","WALKER.KESSLER","North Carolina",3.6,7,12,7,7,7,100,171.429,-71.429,0.286,0.833,0,1,0.75,0,0.286,1,0.393,1,0.4,0.5,0,1,0.143,0.333,0.714,0.333,0.143,0.333,0.571,0,0,0.6,0.286,0.143,0.167,0.286,0.667,1,15.429,1.286,0.857,7,6,2,5,1,2,0,2,4,0,3,0,5,2,2,1,4,0,1,2,1,2,2,1,0,3
"ANTHONY.HARRIS","CALEB.LOVE","GARRISON.BROOKS","KERWIN.WALTON","LEAKY.BLACK","North Carolina",1.55,5,0,5,3,4,125,0,125,0.333,0,0,0,1,0,0.333,0,0.565,0,0.5,0,0,0,0,1,0.667,0,0.333,0,1,0,0,0,0.2,0.2,0.333,0,0.5,0.667,11.625,1,1,3,3,1,0,0,3,0,0,3,0,3,0,2,0,1,0,1,1,2,1,1,0,1,1,0,0
"ANTHONY.HARRIS","CALEB.LOVE","GARRISON.BROOKS","KERWIN.WALTON","RJ.DAVIS","North Carolina",0,0,0,0,0,0,0,0,0,0,0,0,0,0,0,0,0,0,0,0,0,0,0,0,0,0,0,0,0,0,0,0,0,0,0,0,0,0,0,0,0,0,0,0,0,0,0,0,0,0,0,0,0,0,0,0,0,0,0,0,0,0,0,0,0,0,0,0
"ANTHONY.HARRIS","CALEB.LOVE","GARRISON.BROOKS","KERWIN.WALTON","WALKER.KESSLER","North Carolina",0.383,2,0,1,0,0.5,400,0,400,1,0,0,0,0,0,1,0,1,0,0,0,1,0,0,0,0,0,1,0,0,0,1,0,0,0,0,0,0,0,23,1,0,1,0,1,0,0,0,0,0,0,0,0,0,0,0,0,0,0,0,0,0,0,0,0,0,1,0
"ANTHONY.HARRIS","CALEB.LOVE","GARRISON.BROOKS","LEAKY.BLACK","RJ.DAVIS","North Carolina",0.667,3,0,2,3,2.5,120,0,120,1,0,0,0,1,0,1,0,1.017,0,1,0,0,0,0,0,1,0.5,0,0.5,1,0.5,0,0,0,0.5,0,0,0,0,8,1,1,1,2,1,0,0,0,0,0,1,1,1,0,1,1,1,0,0,1,0,0,0,0,0,1,0,0
"ANTHONY.HARRIS","CALEB.LOVE","GARRISON.BROOKS","LEAKY.BLACK","WALKER.KESSLER","North Carolina",2.783,3,7,6,7,6.5,46.154,107.692,-61.538,0.167,0.6,0,0.5,1,0,0.167,0.7,0.232,0.639,0.333,0.5,0,1,0.333,0.4,0.5,0.4,0.167,0.2,0.167,0.2,0,0.333,0,0.167,0,0,0.25,1,12.846,1.167,0.857,6,5,1,3,2,2,0,1,1,1,1,0,3,2,1,1,1,0,2,3,0,0,0,1,0,1
"ANTHONY.HARRIS","CALEB.LOVE","GARRISON.BROOKS","RJ.DAVIS","WALKER.KESSLER","North Carolina",6.317,12,14,10,13,11.5,104.348,121.739,-17.391,0.5,0.545,0.5,0,0,1,0.6,0.545,0.6,0.586,0.5,0.667,0.5,0.667,0.4,0.182,0.2,0.545,0.4,0.273,0,0.182,0.4,0.167,0.1,0.3,0,0.1,0.2,0.6,16.478,1,0.923,10,11,5,6,4,2,2,0,0,2,0,2,2,6,1,4,1,2,3,4,0,1,1,3,2,1
"ANTHONY.HARRIS","CALEB.LOVE","KERWIN.WALTON","LEAKY.BLACK","WALKER.KESSLER","North Carolina",0.833,5,0,2,1,1.5,333.333,0,333.333,1,0,1,0,0,0,1.25,0,1.25,0,1,0,0,0,0.5,0,0.5,1,0,0,0,0,1,0,0,0,1,0,0,1,16.667,1,1,2,1,2,0,1,0,1,0,0,0,0,0,1,1,1,0,0,0,1,0,1,0,0,0,2,0
"ANTHONY.HARRIS","CALEB.LOVE","KERWIN.WALTON","RJ.DAVIS","WALKER.KESSLER","North Carolina",0,0,0,0,0,0,0,0,0,0,0,0,0,0,0,0,0,0,0,0,0,0,0,0,0,0,0,0,0,0,0,0,0,0,0,0,0,0,0,0,0,0,0,0,0,0,0,0,0,0,0,0,0,0,0,0,0,0,0,0,0,0,0,0,0,0,0,0
"ANTHONY.HARRIS","CALEB.LOVE","LEAKY.BLACK","RJ.DAVIS","WALKER.KESSLER","North Carolina",3.917,8,3,5,8,6.5,123.077,46.154,76.923,0.75,0.143,1,0,1,0.5,0.875,0.143,0.894,0.189,0.5,0.5,1,0,0.25,0.571,0.5,0.286,0.25,0.143,0.25,0.286,0.333,0,0.2,0.4,0,0,1,0.667,18.077,1,1,4,7,3,1,1,4,1,0,1,2,1,1,2,2,1,1,1,2,4,0,0,0,1,2,1,0
"ANTHONY.HARRIS","CREIGHTON.LEBO","DUWE.FARRIS","KERWIN.WALTON","RYAN.MCADOO","North Carolina",0,0,0,0,0,0,0,0,0,0,0,0,0,0,0,0,0,0,0,0,0,0,0,0,0,0,0,0,0,0,0,0,0,0,0,0,0,0,0,0,0,0,0,0,0,0,0,0,0,0,0,0,0,0,0,0,0,0,0,0,0,0,0,0,0,0,0,0
"ANTHONY.HARRIS","CREIGHTON.LEBO","DUWE.FARRIS","KJ.SMITH","RYAN.MCADOO","North Carolina",1.783,2,4,3,4,3.5,57.143,114.286,-57.143,0.25,0.5,0,0,0,0,0.25,0.5,0.25,0.5,0.25,1,0,0.5,0,0.25,1,0.25,0,0.5,0,0,0,0.5,0,0.333,0,0.25,0.333,0.5,15.286,1.333,1,4,4,1,2,0,1,0,0,0,0,0,0,4,1,1,1,1,1,1,2,0,1,0,1,0,1
"ANTHONY.HARRIS","CREIGHTON.LEBO","DUWE.FARRIS","RYAN.MCADOO","WALKER.MILLER","North Carolina",0.233,2,0,1,0,0.5,400,0,400,1,0,0,0,0,0,1,0,1,0,0,0,1,0,0,0,0,0,1,0,0,0,0,0,0,0,0,0,0,1,14,1,0,1,0,1,0,0,0,0,0,0,0,0,0,0,0,0,0,0,0,1,0,0,0,0,0,0,0
"ANTHONY.HARRIS","CREIGHTON.LEBO","KJ.SMITH","RYAN.MCADOO","WALKER.MILLER","North Carolina",0,0,0,0,0,0,0,0,0,0,0,0,0,0,0,0,0,0,0,0,0,0,0,0,0,0,0,0,0,0,0,0,0,0,0,0,0,0,0,0,0,0,0,0,0,0,0,0,0,0,0,0,0,0,0,0,0,0,0,0,0,0,0,0,0,0,0,0
"ANTHONY.HARRIS","DAYRON.SHARPE","GARRISON.BROOKS","KERWIN.WALTON","LEAKY.BLACK","North Carolina",0,0,0,0,0,0,0,0,0,0,0,0,0,0,0,0,0,0,0,0,0,0,0,0,0,0,0,0,0,0,0,0,0,0,0,0,0,0,0,0,0,0,0,0,0,0,0,0,0,0,0,0,0,0,0,0,0,0,0,0,0,0,0,0,0,0,0,0
"ANTHONY.HARRIS","DAYRON.SHARPE","GARRISON.BROOKS","KERWIN.WALTON","RJ.DAVIS","North Carolina",2.967,9,3,6,5,5.5,163.636,54.545,109.091,0.6,0,1,0,1,0.6,0.7,0,0.756,0.279,0.5,0,0.5,0,0.2,0.333,0.4,0,0.4,0.667,0.4,1.667,0.667,0,0,0,0,0.2,0,0.667,16.182,1,1.2,5,3,3,0,1,1,1,0,2,5,2,3,2,0,1,0,0,1,2,2,0,1,0,0,2,0
"ANTHONY.HARRIS","DAYRON.SHARPE","GARRISON.BROOKS","KERWIN.WALTON","WALKER.KESSLER","North Carolina",0,0,0,0,0,0,0,0,0,0,0,0,0,0,0,0,0,0,0,0,0,0,0,0,0,0,0,0,0,0,0,0,0,0,0,0,0,0,0,0,0,0,0,0,0,0,0,0,0,0,0,0,0,0,0,0,0,0,0,0,0,0,0,0,0,0,0,0
"ANTHONY.HARRIS","DAYRON.SHARPE","GARRISON.BROOKS","LEAKY.BLACK","RJ.DAVIS","North Carolina",2.417,4,5,4,4,4,100,125,-25,0.5,0.667,0,0,1,0.5,0.5,0.667,0.678,0.633,1,1,0,0,0,0,0.5,0.667,0.5,0.333,1,0.667,0,0.5,0.5,0.25,0,0,1,0.5,18.125,0.75,1,2,3,1,2,0,0,0,0,2,2,2,1,1,2,1,2,1,1,1,0,0,0,2,1,0,1
"ANTHONY.HARRIS","DAYRON.SHARPE","GARRISON.BROOKS","RJ.DAVIS","WALKER.KESSLER","North Carolina",0,0,0,0,0,0,0,0,0,0,0,0,0,0,0,0,0,0,0,0,0,0,0,0,0,0,0,0,0,0,0,0,0,0,0,0,0,0,0,0,0,0,0,0,0,0,0,0,0,0,0,0,0,0,0,0,0,0,0,0,0,0,0,0,0,0,0,0
"ANTHONY.HARRIS","DAYRON.SHARPE","KERWIN.WALTON","LEAKY.BLACK","RJ.DAVIS","North Carolina",0,0,0,0,0,0,0,0,0,0,0,0,0,0,0,0,0,0,0,0,0,0,0,0,0,0,0,0,0,0,0,0,0,0,0,0,0,0,0,0,0,0,0,0,0,0,0,0,0,0,0,0,0,0,0,0,0,0,0,0,0,0,0,0,0,0,0,0
"ANTHONY.HARRIS","DAYRON.SHARPE","KERWIN.WALTON","RJ.DAVIS","WALKER.KESSLER","North Carolina",9.5,18,18,17,17,17,105.882,105.882,0,0.545,0.467,0.75,0.667,0.375,0.5,0.682,0.533,0.608,0.533,0.333,0.375,0.5,0.5,0.364,0.2,0.273,0.533,0.364,0.267,0.727,0.267,0.667,0.714,0.176,0.118,0.067,0,0.167,0.778,16.765,0.882,1,11,15,6,7,4,3,3,2,8,4,3,2,3,8,1,3,1,2,7,5,1,0,3,2,4,5
"ANTHONY.HARRIS","DAYRON.SHARPE","LEAKY.BLACK","RJ.DAVIS","WALKER.KESSLER","North Carolina",2.533,5,3,5,4,4.5,111.111,66.667,44.444,0.5,0.333,0,0,0.5,0.5,0.5,0.333,0.505,0.38,1,0.5,0,0,0.25,0.333,0.5,0.667,0.25,0,0.5,0.667,0.5,1,0,0,0,0,0,1,16.889,1,1,4,3,2,1,1,1,0,0,2,2,1,1,2,2,2,1,0,0,2,1,0,0,0,0,1,1
"ANTHONY.HARRIS","GARRISON.BROOKS","KERWIN.WALTON","RJ.DAVIS","WALKER.KESSLER","North Carolina",1.467,2,4,3,3,3,66.667,133.333,-66.667,0.2,0.667,0,0,0,0,0.2,0.667,0.2,0.667,0,0.667,1,0,0,0,0.8,1,0.2,0,0,0,1,0.5,0.333,0,0,0,0.75,1,14.667,1.667,1,5,3,1,2,0,0,0,0,0,0,0,0,4,3,0,2,3,0,1,1,0,0,1,0,1,1
"ANTHONY.HARRIS","GARRISON.BROOKS","LEAKY.BLACK","RJ.DAVIS","WALKER.KESSLER","North Carolina",0,0,0,0,0,0,0,0,0,0,0,0,0,0,0,0,0,0,0,0,0,0,0,0,0,0,0,0,0,0,0,0,0,0,0,0,0,0,0,0,0,0,0,0,0,0,0,0,0,0,0,0,0,0,0,0,0,0,0,0,0,0,0,0,0,0,0,0
"ANTHONY.HARRIS","GARRISON.BROOKS","RYAN.MCADOO","STERLING.MANLEY","WALKER.MILLER","North Carolina",0,0,0,0,0,0,0,0,0,0,0,0,0,0,0,0,0,0,0,0,0,0,0,0,0,0,0,0,0,0,0,0,0,0,0,0,0,0,0,0,0,0,0,0,0,0,0,0,0,0,0,0,0,0,0,0,0,0,0,0,0,0,0,0,0,0,0,0
"ANTHONY.HARRIS","KERWIN.WALTON","LEAKY.BLACK","RJ.DAVIS","WALKER.KESSLER","North Carolina",0.35,0,0,0,0,0,0,0,0,0,0,0,0,0,0,0,0,0,0,0,0,0,0,0,0,0,0,0,0,0,0,0,0,0,0,0,0,0,0,0,0,0,0,0,0,0,0,0,0,0,0,0,0,0,0,0,0,0,0,0,0,0,0,0,0,0,0,0
"ANTHONY.HARRIS","KJ.SMITH","RJ.DAVIS","RYAN.MCADOO","WALKER.MILLER","North Carolina",0.783,5,2,2,2,2,250,100,150,1,0,1,0,0,1,1.25,0,1.25,0.513,1,0,0,0,0.5,1,0.5,0,0,0,0,2,0.5,0,0,0.5,0,0,0,0,11.75,1,1,2,1,2,0,1,1,1,0,0,2,0,2,1,0,1,0,0,1,0,0,0,0,0,1,1,0
"ANTHONY.HARRIS","KJ.SMITH","RJ.DAVIS","WALKER.KESSLER","WALKER.MILLER","North Carolina",0,0,0,0,0,0,0,0,0,0,0,0,0,0,0,0,0,0,0,0,0,0,0,0,0,0,0,0,0,0,0,0,0,0,0,0,0,0,0,0,0,0,0,0,0,0,0,0,0,0,0,0,0,0,0,0,0,0,0,0,0,0,0,0,0,0,0,0
"ANTHONY.HARRIS","KJ.SMITH","RYAN.MCADOO","STERLING.MANLEY","WALKER.MILLER","North Carolina",0.567,0,3,1,1,1,0,300,-300,0,0.5,0,1,0,0,0,0.75,0,0.75,0,0,0,0,0,0.5,0,0,0,0.5,0,0,0,1,1,0,0.5,0,0,0,17,0,2,0,2,0,1,0,1,0,1,0,0,0,0,0,0,0,0,0,1,0,0,1,0,1,0,0,1
"ARMANDO.BACOT","CALEB.LOVE","DAYRON.SHARPE","GARRISON.BROOKS","KERWIN.WALTON","North Carolina",0.95,2,5,2,2,2,100,250,-150,1,0.5,0,1,0,1,1,0.75,1,0.847,0,0,1,0,0,0.5,0,0.5,1,0,0,1,1,1,0.5,0,0,0,0,0,14.25,0.5,1.5,1,2,1,1,0,1,0,1,0,2,0,2,0,1,0,0,0,1,0,0,0,0,1,0,1,1
"ARMANDO.BACOT","CALEB.LOVE","DAYRON.SHARPE","GARRISON.BROOKS","LEAKY.BLACK","North Carolina",0,0,0,0,0,0,0,0,0,0,0,0,0,0,0,0,0,0,0,0,0,0,0,0,0,0,0,0,0,0,0,0,0,0,0,0,0,0,0,0,0,0,0,0,0,0,0,0,0,0,0,0,0,0,0,0,0,0,0,0,0,0,0,0,0,0,0,0
"ARMANDO.BACOT","CALEB.LOVE","DAYRON.SHARPE","KERWIN.WALTON","LEAKY.BLACK","North Carolina",37.317,71,57,69,68,68.5,103.65,83.212,20.438,0.443,0.435,0.389,0.417,0.625,0.706,0.5,0.489,0.517,0.527,0.586,0.556,0.214,0.312,0.295,0.261,0.475,0.391,0.23,0.348,0.262,0.37,0.704,0.5,0.246,0.217,0.087,0.082,0.459,0.931,16.343,1,0.809,61,46,27,20,18,12,7,5,16,17,10,12,29,18,17,10,17,2,27,20,4,5,17,15,19,10
"ARMANDO.BACOT","CALEB.LOVE","DAYRON.SHARPE","KERWIN.WALTON","RJ.DAVIS","North Carolina",8.067,15,11,14,12,13,115.385,84.615,30.769,0.455,0.375,0.429,0.4,0.5,0.5,0.591,0.5,0.581,0.507,0.333,0,1,1,0.636,0.625,0.273,0.25,0.091,0.125,0.364,0.75,0.6,0.667,0.214,0.143,0.25,0.182,0.333,0.875,18.615,0.929,0.917,11,8,5,3,7,5,3,2,4,6,2,3,3,2,1,0,2,1,7,4,2,2,3,2,3,2
"ARMANDO.BACOT","CALEB.LOVE","DAYRON.SHARPE","LEAKY.BLACK","RJ.DAVIS","North Carolina",19.25,44,30,36,37,36.5,120.548,82.192,38.356,0.455,0.393,0.25,0.417,0.846,0.5,0.5,0.482,0.562,0.486,0.611,0.5,0.333,0.167,0.364,0.429,0.545,0.357,0.091,0.214,0.394,0.214,0.467,0.455,0.111,0.25,0.107,0.061,0.4,0.842,15.822,1.111,0.838,33,28,15,11,12,12,3,5,13,6,11,3,18,10,11,5,8,3,16,12,3,2,4,9,7,5
"ARMANDO.BACOT","CALEB.LOVE","DAYRON.SHARPE","LEAKY.BLACK","WALKER.KESSLER","North Carolina",0,0,0,0,0,0,0,0,0,0,0,0,0,0,0,0,0,0,0,0,0,0,0,0,0,0,0,0,0,0,0,0,0,0,0,0,0,0,0,0,0,0,0,0,0,0,0,0,0,0,0,0,0,0,0,0,0,0,0,0,0,0,0,0,0,0,0,0
"ARMANDO.BACOT","CALEB.LOVE","DAYRON.SHARPE","PUFF.JOHNSON","RJ.DAVIS","North Carolina",0.567,3,0,2,1,1.5,200,0,200,1,0,0,0,1,0,1,0,1.017,0,1,0,0,0,0,0,1,0,0,0,1,0,0,0,0,0.5,0,0,0,0,11.333,1,0,1,0,1,0,0,0,0,0,1,0,1,0,1,0,1,0,0,0,0,0,0,0,0,1,0,0
"ARMANDO.BACOT","CALEB.LOVE","GARRISON.BROOKS","KERWIN.WALTON","LEAKY.BLACK","North Carolina",194.95,336,304,340,328,334,100.599,91.018,9.581,0.428,0.412,0.293,0.312,0.61,0.756,0.472,0.472,0.49,0.493,0.594,0.579,0.38,0.314,0.301,0.388,0.346,0.37,0.353,0.242,0.252,0.142,0.542,0.521,0.188,0.171,0.052,0.065,0.362,0.775,17.51,1.009,0.942,306,289,131,119,92,112,27,35,77,41,47,31,106,107,63,62,67,39,134,118,15,20,64,58,71,62
"ARMANDO.BACOT","CALEB.LOVE","GARRISON.BROOKS","KERWIN.WALTON","PUFF.JOHNSON","North Carolina",2.1,3,5,3,5,4,75,125,-50,0.5,0.5,1,0.333,0,0,0.75,0.625,0.75,0.625,0,1,0,0,0.5,0.75,0,0.25,0.5,0,0,0,0,0.5,0.333,0.333,0,0,0,1,15.75,0.667,0.8,2,4,1,2,1,3,1,1,0,0,0,0,0,1,0,1,0,0,1,1,0,0,1,1,0,1
"ARMANDO.BACOT","CALEB.LOVE","GARRISON.BROOKS","KERWIN.WALTON","RJ.DAVIS","North Carolina",15.133,20,28,27,25,26,76.923,107.692,-30.769,0.348,0.444,0.143,0.429,0.6,0.818,0.37,0.528,0.394,0.603,0.4,0.429,0.5,0.5,0.304,0.389,0.435,0.389,0.261,0.222,0.217,0.611,0.5,0.75,0.185,0.111,0.056,0.087,0.25,0.8,17.462,0.963,0.96,23,18,8,8,7,7,1,3,5,11,3,9,10,7,4,3,4,2,8,12,1,2,5,3,4,6
"ARMANDO.BACOT","CALEB.LOVE","GARRISON.BROOKS","KERWIN.WALTON","WALKER.KESSLER","North Carolina",0,0,0,0,0,0,0,0,0,0,0,0,0,0,0,0,0,0,0,0,0,0,0,0,0,0,0,0,0,0,0,0,0,0,0,0,0,0,0,0,0,0,0,0,0,0,0,0,0,0,0,0,0,0,0,0,0,0,0,0,0,0,0,0,0,0,0,0
"ARMANDO.BACOT","CALEB.LOVE","GARRISON.BROOKS","LEAKY.BLACK","PUFF.JOHNSON","North Carolina",1.5,3,2,2,2,2,150,100,50,0.5,0.5,0,0,0.5,0,0.5,0.5,0.508,0.5,1,1,0,0,0.5,0.5,0.5,0.5,0,0,1,0,0,0,0,0,0,0,1,1,22.5,1.5,1,2,2,1,1,1,1,0,0,2,0,1,0,1,1,1,1,1,0,1,0,0,0,0,0,0,0
"ARMANDO.BACOT","CALEB.LOVE","GARRISON.BROOKS","LEAKY.BLACK","RJ.DAVIS","North Carolina",110.317,182,202,198,189,193.5,94.057,104.393,-10.336,0.402,0.473,0.176,0.367,0.657,0.727,0.421,0.539,0.465,0.559,0.633,0.571,0.314,0.476,0.207,0.364,0.366,0.382,0.427,0.255,0.409,0.2,0.576,0.538,0.192,0.172,0.073,0.055,0.324,0.714,17.103,0.99,0.958,164,165,66,78,34,60,6,22,67,33,44,24,60,63,38,36,36,26,65,75,12,9,38,34,38,42
"ARMANDO.BACOT","CALEB.LOVE","GARRISON.BROOKS","LEAKY.BLACK","WALKER.KESSLER","North Carolina",0,0,0,0,0,0,0,0,0,0,0,0,0,0,0,0,0,0,0,0,0,0,0,0,0,0,0,0,0,0,0,0,0,0,0,0,0,0,0,0,0,0,0,0,0,0,0,0,0,0,0,0,0,0,0,0,0,0,0,0,0,0,0,0,0,0,0,0
"ARMANDO.BACOT","CALEB.LOVE","GARRISON.BROOKS","PUFF.JOHNSON","RJ.DAVIS","North Carolina",0,0,0,0,0,0,0,0,0,0,0,0,0,0,0,0,0,0,0,0,0,0,0,0,0,0,0,0,0,0,0,0,0,0,0,0,0,0,0,0,0,0,0,0,0,0,0,0,0,0,0,0,0,0,0,0,0,0,0,0,0,0,0,0,0,0,0,0
"ARMANDO.BACOT","CALEB.LOVE","GARRISON.BROOKS","RJ.DAVIS","WALKER.KESSLER","North Carolina",0,0,0,0,0,0,0,0,0,0,0,0,0,0,0,0,0,0,0,0,0,0,0,0,0,0,0,0,0,0,0,0,0,0,0,0,0,0,0,0,0,0,0,0,0,0,0,0,0,0,0,0,0,0,0,0,0,0,0,0,0,0,0,0,0,0,0,0
"ARMANDO.BACOT","CALEB.LOVE","KERWIN.WALTON","LEAKY.BLACK","RJ.DAVIS","North Carolina",0,0,0,0,0,0,0,0,0,0,0,0,0,0,0,0,0,0,0,0,0,0,0,0,0,0,0,0,0,0,0,0,0,0,0,0,0,0,0,0,0,0,0,0,0,0,0,0,0,0,0,0,0,0,0,0,0,0,0,0,0,0,0,0,0,0,0,0
"ARMANDO.BACOT","CALEB.LOVE","KERWIN.WALTON","LEAKY.BLACK","WALKER.KESSLER","North Carolina",8.767,19,21,18,16,17,111.765,123.529,-11.765,0.375,0.6,0,0.8,1,1,0.375,0.8,0.492,0.848,0.75,0.25,0,1,0.188,0.5,0.5,0.4,0.312,0.1,0.438,0.5,0.333,0.167,0.222,0.278,0.1,0.125,0.6,0.5,15.471,1.111,0.812,16,10,6,6,3,5,0,4,7,5,7,5,8,4,6,1,6,2,2,4,1,2,4,5,2,1
"ARMANDO.BACOT","CALEB.LOVE","KERWIN.WALTON","RJ.DAVIS","WALKER.KESSLER","North Carolina",1.5,4,3,3,3,3,133.333,100,33.333,0.5,0.25,0.5,0,0.5,1,0.75,0.25,0.678,0.335,0,0,0,1,1,0.5,0,0.25,0,0.25,1,0.25,1,0,0,0,0,0,0,0.333,15,1,1.667,2,4,1,1,2,2,1,0,2,1,1,1,0,1,0,0,0,2,1,2,0,0,0,0,1,0
"ARMANDO.BACOT","CALEB.LOVE","LEAKY.BLACK","PUFF.JOHNSON","WALKER.KESSLER","North Carolina",0,2,0,1,0,0.5,400,0,400,0,0,0,0,1,0,0,0,1.053,0,0,0,0,0,0,0,0,0,0,0,0,0,0,0,0,0,0,0,0,0,0,1,0,0,0,0,0,0,0,0,0,2,0,2,0,0,0,0,0,0,0,0,0,0,0,0,0,0,0
"ARMANDO.BACOT","CALEB.LOVE","LEAKY.BLACK","RJ.DAVIS","WALKER.KESSLER","North Carolina",4.617,19,5,11,9,10,190,50,140,0.636,0.4,0.333,1,0.8,0,0.682,0.5,0.71,0.5,1,0.333,0.5,0,0.273,0.2,0.364,0.6,0.364,0.2,0.455,0,0.286,0,0,0.455,0.2,0,0.5,0.75,13.85,1.273,0.556,11,5,7,2,3,1,1,1,5,0,4,0,4,3,4,1,3,1,3,3,1,0,0,5,2,0
"ARMANDO.BACOT","CALEB.LOVE","PUFF.JOHNSON","RJ.DAVIS","WALKER.KESSLER","North Carolina",0.283,0,0,0,0,0,0,0,0,0,0,0,0,0,0,0,0,0,0,0,0,0,0,0,0,0,0,0,0,0,0,0,0,0,0,0,0,0,0,0,0,0,0,0,0,0,0,0,0,0,0,0,0,0,0,0,0,0,0,0,0,0,0,0,0,0,0,0
"ARMANDO.BACOT","DAYRON.SHARPE","GARRISON.BROOKS","KERWIN.WALTON","LEAKY.BLACK","North Carolina",0.017,0,0,0,0,0,0,0,0,0,0,0,0,0,0,0,0,0,0,0,0,0,0,0,0,0,0,0,0,0,0,0,0,0,0,0,0,0,0,0,0,0,0,0,0,0,0,0,0,0,0,0,0,0,0,0,0,0,0,0,0,0,0,0,0,0,0,0
"ARMANDO.BACOT","DAYRON.SHARPE","GARRISON.BROOKS","KERWIN.WALTON","RJ.DAVIS","North Carolina",0,0,0,0,0,0,0,0,0,0,0,0,0,0,0,0,0,0,0,0,0,0,0,0,0,0,0,0,0,0,0,0,0,0,0,0,0,0,0,0,0,0,0,0,0,0,0,0,0,0,0,0,0,0,0,0,0,0,0,0,0,0,0,0,0,0,0,0
"ARMANDO.BACOT","DAYRON.SHARPE","GARRISON.BROOKS","LEAKY.BLACK","RJ.DAVIS","North Carolina",0,0,0,0,0,0,0,0,0,0,0,0,0,0,0,0,0,0,0,0,0,0,0,0,0,0,0,0,0,0,0,0,0,0,0,0,0,0,0,0,0,0,0,0,0,0,0,0,0,0,0,0,0,0,0,0,0,0,0,0,0,0,0,0,0,0,0,0
"ARMANDO.BACOT","DAYRON.SHARPE","GARRISON.BROOKS","RJ.DAVIS","WALKER.KESSLER","North Carolina",0,0,0,0,0,0,0,0,0,0,0,0,0,0,0,0,0,0,0,0,0,0,0,0,0,0,0,0,0,0,0,0,0,0,0,0,0,0,0,0,0,0,0,0,0,0,0,0,0,0,0,0,0,0,0,0,0,0,0,0,0,0,0,0,0,0,0,0
"ARMANDO.BACOT","DAYRON.SHARPE","KERWIN.WALTON","LEAKY.BLACK","RJ.DAVIS","North Carolina",19.217,37,30,33,32,32.5,113.846,92.308,21.538,0.424,0.545,0.4,0.286,0.833,0.8,0.485,0.591,0.516,0.615,0.5,0.769,0.333,0,0.303,0.318,0.424,0.591,0.273,0.091,0.182,0.227,0.643,0.75,0.273,0.242,0.045,0.091,0.571,0.917,17.738,1.091,0.781,33,22,14,12,10,7,4,2,6,5,5,4,14,13,7,10,12,1,11,9,1,3,9,8,9,9
"ARMANDO.BACOT","DAYRON.SHARPE","KERWIN.WALTON","LEAKY.BLACK","WALKER.KESSLER","North Carolina",0,0,0,0,0,0,0,0,0,0,0,0,0,0,0,0,0,0,0,0,0,0,0,0,0,0,0,0,0,0,0,0,0,0,0,0,0,0,0,0,0,0,0,0,0,0,0,0,0,0,0,0,0,0,0,0,0,0,0,0,0,0,0,0,0,0,0,0
"ARMANDO.BACOT","DAYRON.SHARPE","KERWIN.WALTON","PUFF.JOHNSON","RJ.DAVIS","North Carolina",1.5,0,4,3,4,3.5,0,114.286,-114.286,0,0.5,0,0,0,0,0,0.5,0,0.447,0,0,0,0.5,0,0,0,0,1,1,1,0.25,0,0,0.333,0,0,0,0,0.5,12.857,0.667,1.25,1,4,0,2,0,0,0,0,1,1,0,0,0,0,0,0,0,1,1,2,0,0,1,0,0,0
"ARMANDO.BACOT","DAYRON.SHARPE","LEAKY.BLACK","PUFF.JOHNSON","RJ.DAVIS","North Carolina",0,0,0,0,0,0,0,0,0,0,0,0,0,0,0,0,0,0,0,0,0,0,0,0,0,0,0,0,0,0,0,0,0,0,0,0,0,0,0,0,0,0,0,0,0,0,0,0,0,0,0,0,0,0,0,0,0,0,0,0,0,0,0,0,0,0,0,0
"ARMANDO.BACOT","DAYRON.SHARPE","LEAKY.BLACK","RJ.DAVIS","WALKER.KESSLER","North Carolina",0,0,0,0,0,0,0,0,0,0,0,0,0,0,0,0,0,0,0,0,0,0,0,0,0,0,0,0,0,0,0,0,0,0,0,0,0,0,0,0,0,0,0,0,0,0,0,0,0,0,0,0,0,0,0,0,0,0,0,0,0,0,0,0,0,0,0,0
"ARMANDO.BACOT","GARRISON.BROOKS","KERWIN.WALTON","KJ.SMITH","PUFF.JOHNSON","North Carolina",1.8,3,7,2,3,2.5,120,280,-160,0.5,1,1,1,0,1,0.75,1.5,0.75,1.414,0,0,0,0,0.5,1,0,0,0.5,0,0,0.5,0,0.5,0,0,0,0,0,0,21.6,1,1,2,2,1,2,1,2,1,2,0,1,0,1,0,0,0,0,0,0,0,1,0,0,0,0,0,1
"ARMANDO.BACOT","GARRISON.BROOKS","KERWIN.WALTON","LEAKY.BLACK","PUFF.JOHNSON","North Carolina",0.983,3,0,2,1,1.5,200,0,200,1,0,0,0,0.5,0,1,0,0.769,0,0,0,1,0,0,0,0,0,1,1,2,0,0,0,0,0,0,0,0,1,19.667,1,1,1,1,1,0,0,0,0,0,2,0,1,0,0,0,0,0,0,0,1,1,0,0,0,0,0,0
"ARMANDO.BACOT","GARRISON.BROOKS","KERWIN.WALTON","LEAKY.BLACK","RJ.DAVIS","North Carolina",31.433,66,44,52,51,51.5,128.155,85.437,42.718,0.479,0.359,0.476,0.429,0.625,0.625,0.583,0.436,0.594,0.472,0.556,0.462,0.333,0.167,0.438,0.359,0.375,0.333,0.188,0.308,0.333,0.41,0.652,0.786,0.173,0.173,0.051,0.042,0.433,0.821,18.311,1.077,0.922,48,39,23,14,21,14,10,6,16,16,10,10,18,13,10,6,13,5,23,17,2,2,9,9,15,11
"ARMANDO.BACOT","GARRISON.BROOKS","KERWIN.WALTON","PUFF.JOHNSON","RJ.DAVIS","North Carolina",3.317,5,2,5,4,4.5,111.111,44.444,66.667,0.25,0,0,0,0.75,1,0.25,0,0.424,0.253,1,0,0,0,0.75,0.667,0.25,0,0,0.333,1,0.667,0,0,0.2,0.4,0,0,0.667,0.333,22.111,1.2,1,4,3,1,0,3,2,0,0,4,2,3,2,1,0,1,0,2,2,1,1,0,0,1,2,0,0
"ARMANDO.BACOT","KERWIN.WALTON","LEAKY.BLACK","RJ.DAVIS","WALKER.KESSLER","North Carolina",3.317,10,9,8,8,8,125,112.5,12.5,0.333,0.6,1,0,0.667,0.75,0.5,0.6,0.565,0.652,0,0.75,0,0,0.333,0.2,0,0.8,0.667,0,1,0.8,1,0.333,0.125,0.25,0,0.333,0.333,0.667,12.438,1.125,0.875,6,5,2,3,2,1,2,0,6,4,4,3,0,4,0,3,2,1,2,4,0,2,1,2,2,1
"CALEB.LOVE","DAYRON.SHARPE","GARRISON.BROOKS","KERWIN.WALTON","LEAKY.BLACK","North Carolina",35.4,78,71,69,69,69,113.043,102.899,10.145,0.481,0.446,0.467,0.308,0.75,0.722,0.548,0.518,0.597,0.55,0.579,0.667,0.389,0.467,0.288,0.464,0.365,0.268,0.346,0.268,0.538,0.321,0.48,0.44,0.174,0.188,0.071,0.058,0.31,0.743,15.391,0.957,0.942,52,56,25,25,15,26,7,8,28,18,21,13,19,15,11,10,9,9,26,20,4,3,12,13,12,11
"CALEB.LOVE","DAYRON.SHARPE","GARRISON.BROOKS","KERWIN.WALTON","PUFF.JOHNSON","North Carolina",2.55,5,7,4,4,4,125,175,-50,0.5,0.6,0,0,1,0.5,0.5,0.6,0.559,0.588,1,1,0.5,0,0.25,0,0.25,0.6,0.5,0.4,0.25,0.4,0,0,0,0,0.4,0.5,0.333,0.333,19.125,1.25,1.5,4,5,2,3,1,0,0,0,1,2,1,1,1,3,1,3,1,2,1,2,2,2,0,0,0,0
"CALEB.LOVE","DAYRON.SHARPE","GARRISON.BROOKS","KERWIN.WALTON","RJ.DAVIS","North Carolina",6.15,10,13,14,10,12,83.333,108.333,-25,0.364,0.5,0,0.5,0.667,0.8,0.364,0.562,0.402,0.627,0.333,0.333,0.6,0.667,0.273,0.25,0.273,0.375,0.455,0.375,0.273,0.625,0.75,0.5,0.214,0,0.125,0.182,0.25,0.75,15.375,0.929,1.1,11,8,4,4,3,2,0,1,3,5,2,4,3,3,1,1,2,1,3,6,1,2,3,0,3,2
"CALEB.LOVE","DAYRON.SHARPE","GARRISON.BROOKS","LEAKY.BLACK","PUFF.JOHNSON","North Carolina",0.517,0,2,1,2,1.5,0,133.333,-133.333,0,0.5,0,0,0,0,0,0.5,0,0.5,0,0,0,1,0,0,0,0.5,0,0.5,0,0,0,0,1,0,0,0,0,1,10.333,0,1,0,2,0,1,0,0,0,0,0,0,0,0,0,1,0,0,0,0,1,0,0,0,1,0,0,0
"CALEB.LOVE","DAYRON.SHARPE","GARRISON.BROOKS","LEAKY.BLACK","RJ.DAVIS","North Carolina",31.083,65,51,56,59,57.5,113.043,88.696,24.348,0.535,0.375,0.6,0.235,0.615,0.647,0.57,0.417,0.587,0.455,0.765,0.667,0.333,0.154,0.116,0.354,0.395,0.375,0.488,0.271,0.605,0.354,0.522,0.5,0.214,0.179,0.083,0.047,0.5,0.765,16.217,1,0.966,43,48,23,18,5,17,3,4,26,17,16,11,17,18,13,12,12,8,26,12,4,2,12,10,12,9
"CALEB.LOVE","DAYRON.SHARPE","GARRISON.BROOKS","LEAKY.BLACK","WALKER.KESSLER","North Carolina",0,0,0,0,0,0,0,0,0,0,0,0,0,0,0,0,0,0,0,0,0,0,0,0,0,0,0,0,0,0,0,0,0,0,0,0,0,0,0,0,0,0,0,0,0,0,0,0,0,0,0,0,0,0,0,0,0,0,0,0,0,0,0,0,0,0,0,0
"CALEB.LOVE","DAYRON.SHARPE","GARRISON.BROOKS","PUFF.JOHNSON","RJ.DAVIS","North Carolina",0.567,2,3,2,1,1.5,133.333,200,-66.667,0,1,0,1,0.667,0,0,1.5,0.412,1.5,0,0,0,0,0,1,0,0,1,0,3,0,0,0,0,0,0,0,0.5,0,11.333,1.5,1,1,1,0,1,0,1,0,1,3,0,2,0,0,0,0,0,1,0,0,1,0,0,0,0,0,0
"CALEB.LOVE","DAYRON.SHARPE","KERWIN.WALTON","LEAKY.BLACK","PUFF.JOHNSON","North Carolina",0,0,0,0,0,0,0,0,0,0,0,0,0,0,0,0,0,0,0,0,0,0,0,0,0,0,0,0,0,0,0,0,0,0,0,0,0,0,0,0,0,0,0,0,0,0,0,0,0,0,0,0,0,0,0,0,0,0,0,0,0,0,0,0,0,0,0,0
"CALEB.LOVE","DAYRON.SHARPE","KERWIN.WALTON","LEAKY.BLACK","RJ.DAVIS","North Carolina",0.417,1,2,1,0,0.5,200,400,-200,0,0,0,0,0.5,1,0,0,0.526,1.053,0,0,0,0,0,0,0,0,0,0,0,0,0,0,0,0,0,0,0,0,25,1,0,0,0,0,0,0,0,0,0,2,2,1,2,0,0,0,0,0,1,0,0,0,0,0,0,0,0
"CALEB.LOVE","DAYRON.SHARPE","KERWIN.WALTON","LEAKY.BLACK","WALKER.KESSLER","North Carolina",13.133,27,28,26,27,26.5,101.887,105.66,-3.774,0.48,0.458,0.143,0.4,0.4,0.667,0.5,0.542,0.493,0.551,0.786,0.5,0,0.5,0.28,0.417,0.56,0.417,0.16,0.167,0.2,0.125,0.667,0.545,0.231,0.192,0.083,0.04,0.615,0.692,14.868,1.077,0.963,25,24,12,11,7,10,1,4,5,3,2,2,14,10,11,5,8,4,9,5,2,1,6,5,8,6
"CALEB.LOVE","DAYRON.SHARPE","KERWIN.WALTON","PUFF.JOHNSON","WALKER.KESSLER","North Carolina",1.4,1,2,3,3,3,33.333,66.667,-33.333,0,0.333,0,0,1,0,0,0.333,1.053,0.333,0,0.5,0,0,0,0,0,0.667,0,0.333,0,0,0,0,0.667,0,0.667,0,0,1,14,0.333,1,0,3,0,1,0,0,0,0,1,0,1,0,0,2,0,1,0,0,2,0,2,0,2,0,0,0
"CALEB.LOVE","DAYRON.SHARPE","KERWIN.WALTON","RJ.DAVIS","WALKER.KESSLER","North Carolina",5.25,8,7,9,11,10,80,70,10,0.571,0.5,0,1,0,0,0.571,0.583,0.571,0.418,0.5,0.333,0.667,0.5,0,0.167,0.571,0.5,0.429,0.333,0,0.833,0.75,0.667,0.333,0.222,0.167,0,0.333,1,15.75,0.778,0.818,7,6,4,3,0,1,0,1,0,5,0,0,4,3,2,1,1,0,6,2,1,0,3,2,3,2
"CALEB.LOVE","DAYRON.SHARPE","KERWIN.WALTON","RYAN.MCADOO","WALKER.KESSLER","North Carolina",0,0,0,0,0,0,0,0,0,0,0,0,0,0,0,0,0,0,0,0,0,0,0,0,0,0,0,0,0,0,0,0,0,0,0,0,0,0,0,0,0,0,0,0,0,0,0,0,0,0,0,0,0,0,0,0,0,0,0,0,0,0,0,0,0,0,0,0
"CALEB.LOVE","DAYRON.SHARPE","LEAKY.BLACK","PUFF.JOHNSON","WALKER.KESSLER","North Carolina",0.2,0,0,1,0,0.5,0,0,0,0,0,0,0,0,0,0,0,0,0,0,0,0,0,0,0,0,0,0,0,0,0,0,0,1,0,0,0,0,0,12,0,0,0,0,0,0,0,0,0,0,0,0,0,0,0,0,0,0,0,0,0,0,0,0,1,0,0,0
"CALEB.LOVE","DAYRON.SHARPE","LEAKY.BLACK","RJ.DAVIS","WALKER.KESSLER","North Carolina",8.583,9,20,15,20,17.5,51.429,114.286,-62.857,0.444,0.467,0,0.4,0.167,0.444,0.444,0.533,0.38,0.519,0.333,0.5,1,0.5,0.111,0.333,0.667,0.533,0.222,0.133,0.667,0.6,0.25,0.429,0.467,0.067,0.2,0.222,0.667,0.9,14.714,0.8,1,9,15,4,7,1,5,0,2,6,9,1,4,6,8,2,4,4,1,9,2,3,2,7,1,1,3
"CALEB.LOVE","DAYRON.SHARPE","PUFF.JOHNSON","RJ.DAVIS","WALKER.KESSLER","North Carolina",0,1,0,1,0,0.5,200,0,200,0,0,0,0,1,0,0,0,1.053,0,0,0,0,0,0,0,0,0,0,0,0,0,0,0,0,0,0,0,0,0,0,1,0,0,0,0,0,0,0,0,0,1,0,1,0,0,0,0,0,0,0,0,0,0,0,0,0,0,0
"CALEB.LOVE","GARRISON.BROOKS","KERWIN.WALTON","LEAKY.BLACK","RJ.DAVIS","North Carolina",0.05,2,1,1,1,1,200,100,100,0,0,0,0,1,1,0,0,1.053,1.053,0,0,0,0,0,0,0,0,0,0,0,0,0,0,0,0,0,0,0,0,1.5,1,1,0,0,0,0,0,0,0,0,2,1,2,1,0,0,0,0,0,0,0,0,0,0,0,0,0,0
"CALEB.LOVE","GARRISON.BROOKS","KERWIN.WALTON","LEAKY.BLACK","WALKER.KESSLER","North Carolina",15.7,34,27,28,29,28.5,119.298,94.737,24.561,0.478,0.385,0.5,0.556,0.75,0.5,0.543,0.481,0.592,0.484,0.462,0.286,0.5,0.333,0.261,0.346,0.565,0.538,0.174,0.115,0.522,0.154,0.636,0.5,0.214,0.321,0.154,0.087,0.538,0.556,16.526,1.036,0.966,23,26,11,10,6,9,3,5,12,4,9,2,13,14,6,4,7,8,10,6,4,2,6,9,7,5
"CALEB.LOVE","GARRISON.BROOKS","KERWIN.WALTON","RJ.DAVIS","WALKER.KESSLER","North Carolina",5.85,12,11,10,11,10.5,114.286,104.762,9.524,0.4,0.444,0.4,0,1,0.6,0.5,0.444,0.548,0.484,0.667,0.5,0,1,0.5,0.222,0.3,0.667,0.2,0.111,0.2,0.556,0.5,0.25,0.3,0.2,0.222,0,0.667,0.5,16.714,1.1,1.091,10,9,4,4,5,2,2,0,2,5,2,3,3,6,2,3,4,3,3,2,2,0,3,2,2,1
"CALEB.LOVE","GARRISON.BROOKS","LEAKY.BLACK","PUFF.JOHNSON","RJ.DAVIS","North Carolina",0,0,0,0,0,0,0,0,0,0,0,0,0,0,0,0,0,0,0,0,0,0,0,0,0,0,0,0,0,0,0,0,0,0,0,0,0,0,0,0,0,0,0,0,0,0,0,0,0,0,0,0,0,0,0,0,0,0,0,0,0,0,0,0,0,0,0,0
"CALEB.LOVE","GARRISON.BROOKS","LEAKY.BLACK","PUFF.JOHNSON","WALKER.KESSLER","North Carolina",3.2,4,4,5,5,5,80,80,0,0.4,0.333,0,0.5,0,0.5,0.4,0.5,0.4,0.506,0,0,0.667,0,0.4,0.667,0,0.333,0.6,0,0,0.667,0.5,1,0,0.2,0,0,0,1,19.2,1,0.8,5,3,2,1,2,2,0,1,0,2,0,1,0,1,0,0,0,0,2,3,0,0,0,1,1,1
"CALEB.LOVE","GARRISON.BROOKS","LEAKY.BLACK","RJ.DAVIS","WALKER.KESSLER","North Carolina",5.083,4,11,9,9,9,44.444,122.222,-77.778,0.25,0.417,0,0,0,1,0.25,0.417,0.223,0.441,1,0.4,0.2,0.5,0.25,0,0.125,0.833,0.625,0.167,0.25,0.083,1,0.4,0.222,0,0.083,0.125,0.286,0.429,16.944,1,1.444,8,12,2,5,2,0,0,0,2,1,0,1,1,10,1,4,2,4,3,5,1,1,2,0,2,2
"CALEB.LOVE","KERWIN.WALTON","KJ.SMITH","RJ.DAVIS","WALKER.KESSLER","North Carolina",0,0,0,0,0,0,0,0,0,0,0,0,0,0,0,0,0,0,0,0,0,0,0,0,0,0,0,0,0,0,0,0,0,0,0,0,0,0,0,0,0,0,0,0,0,0,0,0,0,0,0,0,0,0,0,0,0,0,0,0,0,0,0,0,0,0,0,0
"CALEB.LOVE","KERWIN.WALTON","LEAKY.BLACK","PUFF.JOHNSON","WALKER.KESSLER","North Carolina",0,0,0,0,0,0,0,0,0,0,0,0,0,0,0,0,0,0,0,0,0,0,0,0,0,0,0,0,0,0,0,0,0,0,0,0,0,0,0,0,0,0,0,0,0,0,0,0,0,0,0,0,0,0,0,0,0,0,0,0,0,0,0,0,0,0,0,0
"CALEB.LOVE","KERWIN.WALTON","PUFF.JOHNSON","RYAN.MCADOO","WALKER.KESSLER","North Carolina",0,0,0,0,0,0,0,0,0,0,0,0,0,0,0,0,0,0,0,0,0,0,0,0,0,0,0,0,0,0,0,0,0,0,0,0,0,0,0,0,0,0,0,0,0,0,0,0,0,0,0,0,0,0,0,0,0,0,0,0,0,0,0,0,0,0,0,0
"CALEB.LOVE","PUFF.JOHNSON","RJ.DAVIS","WALKER.KESSLER","WALKER.MILLER","North Carolina",0.967,0,2,2,2,2,0,100,-100,0,0.333,0,0,0,0,0,0.333,0,0.333,0,1,0,0,0,0.667,1,0.333,0,0,0,0,0,0,0.5,0,0,0,0,0.5,14.5,0.5,1.5,1,3,0,1,0,2,0,0,0,0,0,0,1,1,0,1,0,1,1,1,0,0,1,0,0,0
"CREIGHTON.LEBO","DAYRON.SHARPE","RYAN.MCADOO","WALKER.KESSLER","WALKER.MILLER","North Carolina",0,0,0,0,0,0,0,0,0,0,0,0,0,0,0,0,0,0,0,0,0,0,0,0,0,0,0,0,0,0,0,0,0,0,0,0,0,0,0,0,0,0,0,0,0,0,0,0,0,0,0,0,0,0,0,0,0,0,0,0,0,0,0,0,0,0,0,0
"CREIGHTON.LEBO","DUWE.FARRIS","KERWIN.WALTON","RYAN.MCADOO","WALKER.KESSLER","North Carolina",0,0,0,0,0,0,0,0,0,0,0,0,0,0,0,0,0,0,0,0,0,0,0,0,0,0,0,0,0,0,0,0,0,0,0,0,0,0,0,0,0,0,0,0,0,0,0,0,0,0,0,0,0,0,0,0,0,0,0,0,0,0,0,0,0,0,0,0
"CREIGHTON.LEBO","DUWE.FARRIS","KJ.SMITH","RYAN.MCADOO","WALKER.MILLER","North Carolina",4.233,6,8,9,9,9,66.667,88.889,-22.222,0.25,0.333,0,0.333,1,0.6,0.25,0.417,0.335,0.478,0.5,0.5,0,0,0.25,0.5,0.5,0.333,0.25,0.167,0.25,0.833,0,0.5,0,0.111,0,0.125,0,0.833,14.111,1,1,8,6,2,2,2,3,0,1,2,5,2,3,4,2,2,1,0,1,5,4,0,1,0,1,0,1
"CREIGHTON.LEBO","KJ.SMITH","PUFF.JOHNSON","RYAN.MCADOO","WALKER.KESSLER","North Carolina",0.217,0,0,0,1,0.5,0,0,0,0,0,0,0,0,0,0,0,0,0,0,0,0,0,0,1,0,0,0,0,0,0,0,0,0,0,0,0,0,1,13,0,1,0,1,0,0,0,1,0,0,0,0,0,0,0,0,0,0,0,0,1,0,0,0,0,0,0,0
"CREIGHTON.LEBO","KJ.SMITH","RYAN.MCADOO","STERLING.MANLEY","WALKER.MILLER","North Carolina",2.417,0,8,3,4,3.5,0,228.571,-228.571,0,0.75,0,1,0,0,0,1,0,1,0,0.5,0,0,0.667,0.5,0,0.5,0.333,0,0,0,0,0.667,0.333,0.333,0.25,0,0.333,0,20.714,1,1,3,4,0,3,2,2,0,2,0,0,0,0,0,2,0,1,1,1,0,2,1,0,1,1,0,2
"CREIGHTON.LEBO","KJ.SMITH","RYAN.MCADOO","WALKER.KESSLER","WALKER.MILLER","North Carolina",0,0,0,0,0,0,0,0,0,0,0,0,0,0,0,0,0,0,0,0,0,0,0,0,0,0,0,0,0,0,0,0,0,0,0,0,0,0,0,0,0,0,0,0,0,0,0,0,0,0,0,0,0,0,0,0,0,0,0,0,0,0,0,0,0,0,0,0
"DAYRON.SHARPE","DUWE.FARRIS","KERWIN.WALTON","RYAN.MCADOO","WALKER.KESSLER","North Carolina",0,0,0,0,0,0,0,0,0,0,0,0,0,0,0,0,0,0,0,0,0,0,0,0,0,0,0,0,0,0,0,0,0,0,0,0,0,0,0,0,0,0,0,0,0,0,0,0,0,0,0,0,0,0,0,0,0,0,0,0,0,0,0,0,0,0,0,0
"DAYRON.SHARPE","GARRISON.BROOKS","KERWIN.WALTON","KJ.SMITH","PUFF.JOHNSON","North Carolina",1.6,2,2,3,2,2.5,80,80,0,0.333,0.5,0,0,0,0,0.333,0.5,0.333,0.5,0.333,0.5,0,0,0,0,1,1,0,0,0,0,0,0,0.333,0,0.5,0,0.5,1,19.2,1,1,3,2,1,1,0,0,0,0,0,0,0,0,3,2,1,1,1,0,1,1,1,0,1,0,0,0
"DAYRON.SHARPE","GARRISON.BROOKS","KERWIN.WALTON","LEAKY.BLACK","RJ.DAVIS","North Carolina",30.483,56,58,57,54,55.5,100.901,104.505,-3.604,0.434,0.476,0.438,0.375,0.6,0.667,0.5,0.548,0.506,0.574,0.412,0.529,0.45,0.556,0.302,0.381,0.321,0.405,0.377,0.214,0.094,0.429,0.609,0.5,0.228,0.14,0.048,0.075,0.375,0.792,16.477,0.982,0.944,53,42,23,20,16,16,7,6,5,18,3,12,17,17,7,9,12,5,19,20,2,4,13,8,14,10
"DAYRON.SHARPE","GARRISON.BROOKS","KERWIN.WALTON","LEAKY.BLACK","WALKER.KESSLER","North Carolina",0,0,0,0,0,0,0,0,0,0,0,0,0,0,0,0,0,0,0,0,0,0,0,0,0,0,0,0,0,0,0,0,0,0,0,0,0,0,0,0,0,0,0,0,0,0,0,0,0,0,0,0,0,0,0,0,0,0,0,0,0,0,0,0,0,0,0,0
"DAYRON.SHARPE","GARRISON.BROOKS","KERWIN.WALTON","PUFF.JOHNSON","RJ.DAVIS","North Carolina",2.783,7,10,4,4,4,175,250,-75,0.6,1,0,1,1,0,0.6,1.25,0.639,1.25,0.75,1,0,1,0.2,0.5,0.8,0.25,0,0.25,0.2,0,0.333,0.5,0,0,0,0,1,1,20.875,1.5,1,5,4,3,4,1,2,0,2,1,0,1,0,4,1,3,1,2,0,1,0,0,0,0,0,1,2
"DAYRON.SHARPE","GARRISON.BROOKS","KERWIN.WALTON","RJ.DAVIS","WALKER.KESSLER","North Carolina",0,0,0,0,0,0,0,0,0,0,0,0,0,0,0,0,0,0,0,0,0,0,0,0,0,0,0,0,0,0,0,0,0,0,0,0,0,0,0,0,0,0,0,0,0,0,0,0,0,0,0,0,0,0,0,0,0,0,0,0,0,0,0,0,0,0,0,0
"DAYRON.SHARPE","GARRISON.BROOKS","PUFF.JOHNSON","RJ.DAVIS","WALKER.KESSLER","North Carolina",0,0,0,0,0,0,0,0,0,0,0,0,0,0,0,0,0,0,0,0,0,0,0,0,0,0,0,0,0,0,0,0,0,0,0,0,0,0,0,0,0,0,0,0,0,0,0,0,0,0,0,0,0,0,0,0,0,0,0,0,0,0,0,0,0,0,0,0
"DAYRON.SHARPE","KERWIN.WALTON","LEAKY.BLACK","RJ.DAVIS","WALKER.KESSLER","North Carolina",13.517,19,33,25,25,25,76,132,-56,0.467,0.647,0.4,0.429,0.5,1,0.533,0.735,0.532,0.793,0.714,0.857,0,0.667,0.333,0.412,0.467,0.412,0.2,0.176,0.4,0.471,0.571,0.455,0.48,0.28,0.059,0,0.455,0.625,16.22,0.72,0.84,15,17,7,11,5,7,2,3,6,8,3,8,7,7,5,6,5,3,5,6,1,0,12,7,4,5
"DAYRON.SHARPE","KERWIN.WALTON","PUFF.JOHNSON","RJ.DAVIS","WALKER.KESSLER","North Carolina",3,5,6,7,6,6.5,76.923,92.308,-15.385,0.333,0.25,0,0.5,1,0.75,0.333,0.375,0.386,0.508,0.667,0,0,0,0.333,0.5,0.5,0,0.167,0.5,0.167,1,1,1,0.286,0,0,0,0.5,1,13.846,1,1,6,4,2,1,2,2,0,1,1,4,1,3,3,0,2,0,2,0,3,2,0,0,2,0,2,1
"DAYRON.SHARPE","LEAKY.BLACK","PUFF.JOHNSON","RJ.DAVIS","WALKER.KESSLER","North Carolina",1.133,3,2,3,3,3,100,66.667,33.333,0,0.333,0,0,1,0,0,0.333,1.053,0.333,0,1,0,0,0,0.667,0,0.333,0,0,0,0,0,1,0.333,0,0,0,0,1,11.333,0.667,1,0,3,0,1,0,2,0,0,3,0,3,0,0,1,0,1,0,0,2,0,0,0,1,0,0,1
"DAYRON.SHARPE","RJ.DAVIS","RYAN.MCADOO","WALKER.KESSLER","WALKER.MILLER","North Carolina",0,0,0,0,0,0,0,0,0,0,0,0,0,0,0,0,0,0,0,0,0,0,0,0,0,0,0,0,0,0,0,0,0,0,0,0,0,0,0,0,0,0,0,0,0,0,0,0,0,0,0,0,0,0,0,0,0,0,0,0,0,0,0,0,0,0,0,0
"DUWE.FARRIS","KERWIN.WALTON","KJ.SMITH","PUFF.JOHNSON","WALKER.MILLER","North Carolina",0.7,0,0,0,0,0,0,0,0,0,0,0,0,0,0,0,0,0,0,0,0,0,0,0,0,0,0,0,0,0,0,0,0,0,0,0,0,0,0,0,0,0,0,0,0,0,0,0,0,0,0,0,0,0,0,0,0,0,0,0,0,0,0,0,0,0,0,0
"DUWE.FARRIS","KERWIN.WALTON","KJ.SMITH","RYAN.MCADOO","WALKER.MILLER","North Carolina",0,0,0,0,0,0,0,0,0,0,0,0,0,0,0,0,0,0,0,0,0,0,0,0,0,0,0,0,0,0,0,0,0,0,0,0,0,0,0,0,0,0,0,0,0,0,0,0,0,0,0,0,0,0,0,0,0,0,0,0,0,0,0,0,0,0,0,0
"DUWE.FARRIS","KJ.SMITH","RYAN.MCADOO","STERLING.MANLEY","WALKER.MILLER","North Carolina",0.083,0,0,1,0,0.5,0,0,0,0,0,0,0,0,0,0,0,0,0,0,0,0,0,0,0,0,0,1,0,0,0,0,0,0,0,0,0,0.5,0,5,2,0,2,0,0,0,0,0,0,0,0,0,0,0,0,0,0,0,1,0,0,1,0,0,0,0,0,0
"DUWE.FARRIS","KJ.SMITH","RYAN.MCADOO","WALKER.KESSLER","WALKER.MILLER","North Carolina",0,0,0,0,0,0,0,0,0,0,0,0,0,0,0,0,0,0,0,0,0,0,0,0,0,0,0,0,0,0,0,0,0,0,0,0,0,0,0,0,0,0,0,0,0,0,0,0,0,0,0,0,0,0,0,0,0,0,0,0,0,0,0,0,0,0,0,0
"GARRISON.BROOKS","KERWIN.WALTON","KJ.SMITH","PUFF.JOHNSON","RJ.DAVIS","North Carolina",0,0,0,0,0,0,0,0,0,0,0,0,0,0,0,0,0,0,0,0,0,0,0,0,0,0,0,0,0,0,0,0,0,0,0,0,0,0,0,0,0,0,0,0,0,0,0,0,0,0,0,0,0,0,0,0,0,0,0,0,0,0,0,0,0,0,0,0
"GARRISON.BROOKS","KERWIN.WALTON","LEAKY.BLACK","RJ.DAVIS","WALKER.KESSLER","North Carolina",6.3,15,7,10,11,10.5,142.857,66.667,76.19,0.6,0.333,0.667,0,1,0.25,0.7,0.333,0.716,0.321,0.667,0.75,0,0,0.3,0.333,0.6,0.444,0.1,0.222,0.1,0.444,0.5,0,0,0.2,0,0.2,0.25,0.714,18,1.1,1,10,9,6,3,3,3,2,0,1,4,1,1,6,4,4,3,1,2,5,3,0,2,0,2,3,0
"GARRISON.BROOKS","KJ.SMITH","LEAKY.BLACK","PUFF.JOHNSON","RJ.DAVIS","North Carolina",0,0,0,0,0,0,0,0,0,0,0,0,0,0,0,0,0,0,0,0,0,0,0,0,0,0,0,0,0,0,0,0,0,0,0,0,0,0,0,0,0,0,0,0,0,0,0,0,0,0,0,0,0,0,0,0,0,0,0,0,0,0,0,0,0,0,0,0
"GARRISON.BROOKS","LEAKY.BLACK","PUFF.JOHNSON","RJ.DAVIS","WALKER.KESSLER","North Carolina",0,0,0,0,0,0,0,0,0,0,0,0,0,0,0,0,0,0,0,0,0,0,0,0,0,0,0,0,0,0,0,0,0,0,0,0,0,0,0,0,0,0,0,0,0,0,0,0,0,0,0,0,0,0,0,0,0,0,0,0,0,0,0,0,0,0,0,0
"KERWIN.WALTON","KJ.SMITH","PUFF.JOHNSON","RJ.DAVIS","WALKER.KESSLER","North Carolina",0,0,0,0,0,0,0,0,0,0,0,0,0,0,0,0,0,0,0,0,0,0,0,0,0,0,0,0,0,0,0,0,0,0,0,0,0,0,0,0,0,0,0,0,0,0,0,0,0,0,0,0,0,0,0,0,0,0,0,0,0,0,0,0,0,0,0,0
"KERWIN.WALTON","KJ.SMITH","PUFF.JOHNSON","RYAN.MCADOO","WALKER.KESSLER","North Carolina",0,0,0,0,0,0,0,0,0,0,0,0,0,0,0,0,0,0,0,0,0,0,0,0,0,0,0,0,0,0,0,0,0,0,0,0,0,0,0,0,0,0,0,0,0,0,0,0,0,0,0,0,0,0,0,0,0,0,0,0,0,0,0,0,0,0,0,0
"KERWIN.WALTON","KJ.SMITH","PUFF.JOHNSON","WALKER.KESSLER","WALKER.MILLER","North Carolina",0.233,2,0,1,1,1,200,0,200,1,0,0,0,0,0,1,0,1,0,0,0,1,0,0,0,0,1,1,0,0,0,1,0,0,0,0,0,0,1,7,1,1,1,1,1,0,0,0,0,0,0,0,0,0,0,1,0,0,0,0,2,0,0,0,0,0,1,0
"KERWIN.WALTON","KJ.SMITH","RYAN.MCADOO","WALKER.KESSLER","WALKER.MILLER","North Carolina",1.467,1,0,2,1,1.5,66.667,0,66.667,0,0,0,0,0.5,0,0,0,0.256,0,0,0,0,0,0,0.75,1,0.25,0,0,2,0,0,0,0.5,0.5,0,0,0.5,0,29.333,1,4,1,4,0,0,0,3,0,0,2,0,1,0,1,1,0,0,1,4,0,1,0,0,1,1,0,0
"KERWIN.WALTON","PUFF.JOHNSON","RYAN.MCADOO","WALKER.KESSLER","WALKER.MILLER","North Carolina",0,0,0,0,0,0,0,0,0,0,0,0,0,0,0,0,0,0,0,0,0,0,0,0,0,0,0,0,0,0,0,0,0,0,0,0,0,0,0,0,0,0,0,0,0,0,0,0,0,0,0,0,0,0,0,0,0,0,0,0,0,0,0,0,0,0,0,0
"PUFF.JOHNSON","RJ.DAVIS","RYAN.MCADOO","WALKER.KESSLER","WALKER.MILLER","North Carolina",0.683,3,5,1,2,1.5,200,333.333,-133.333,1,1,1,1,0,1,1.5,1.5,1.5,1.282,0,0,0,0,1,1,0,0,0,0,0,2,0,0,0,0,0,0,0,0,13.667,1,1,1,1,1,1,1,1,1,1,0,2,0,2,0,0,0,0,0,0,0,0,0,0,0,0,0,0
